url,title,alternative_title,publisher_info,journal_info,year,pages,ddc,authors,subjects,type
https://thuvien.ntu.edu.vn/Opac/DmdInfo.aspx?mnuid=146&collection_id=12&material_type=2&dmd_id=235679,Food and beverage service :A training manual /Suzanne Weekes,,"Boston [etc.] :McGraw-Hill Higher Education,2013",,2013.0,"xii, 409 p. :ill. ;24 cm",658.812,"Weekes, Suzanne::author",Food-Beverage|Customer service,book
https://thuvien.ntu.edu.vn/Opac/DmdInfo.aspx?mnuid=146&collection_id=12&material_type=2&dmd_id=235290,Smart antennas for wireless communications :With matlab /Frank B. Gross,,"New York :McGraw-Hill,2005",,2005.0,270 p. :ill. ;23 cm,621.3824,"Gross, Frank B.::author",Adaptive antennas,book
https://thuvien.ntu.edu.vn/Opac/DmdInfo.aspx?mnuid=146&collection_id=12&material_type=2&dmd_id=235278,Reactive intermediates :MS investigations in solution /edited by Leonardo S. Santos,,"Weinheim :Wiley-VCH,2010",,2010.0,"xxiv, 317 p. :ill. ;25 cm",547.2,"Santos, Leonardo S.::contributor",Electrospray ionization mass spectrometry|Chemical reactions|Intermediates (Chemistry),book
https://thuvien.ntu.edu.vn/Opac/DmdInfo.aspx?mnuid=146&collection_id=12&material_type=2&dmd_id=235271,"Antennas and propagation for body-centric wireless communications /Peter S. Hall, Yang Hao, editors",,"Boston :Artech House,2006",,2006.0,"xiii, 291 p. :ill. ;26 cm",4.16,"Hall, Peter S.::contributor|Hao, Yang::contributor",Wireless communication systems|Antennas (Electronics)|Wearable computers- Design and construction,book
https://thuvien.ntu.edu.vn/Opac/DmdInfo.aspx?mnuid=146&collection_id=12&material_type=2&dmd_id=235216,Economics for dummies /Sean Masaki Flynn,,"Hoboken, NJ :John Wiley & Sons, Inc.,2018",,2018.0,"xiii, 410 pages :illustrations ;24 cm",330.0,"Flynn, Sean Masaki::author",Economics,book
https://thuvien.ntu.edu.vn/Opac/DmdInfo.aspx?mnuid=146&collection_id=12&material_type=2&dmd_id=235208,Analyzing biomolecular interactions by mass spectrometry /edited by Jeroen Kool and Wilfried M.A. Niessen,,"Weinheim :Wiley-VCH Verlag GmbH & Co. KGaA,2015",,2015.0,378 p. :ill. ;25 cm,543.0873,"Kool, Jeroen::contributor|Niessen, Wilfried M.A.::contributor",Mass spectrometry|Biomolecules- Analysis,book
https://thuvien.ntu.edu.vn/Opac/DmdInfo.aspx?mnuid=146&collection_id=12&material_type=2&dmd_id=235197,"Mass spectrometry basics /Christopher G. Herbert, Robert A.W. Johnstone",,"Boca Raton :CRC Press,2003",,2003.0,474 p. :ill. ;26 cm,543.0873,"Herbert, Christopher G.::author|Johnstone, Robert A. W.::contributor",Spectrum Analysis|Mass spectrometry,book
https://thuvien.ntu.edu.vn/Opac/DmdInfo.aspx?mnuid=146&collection_id=12&material_type=2&dmd_id=235189,"Low-cost smart antennas /Qi Luo and Steven (Shichang) Gao, Wei Liu, Chao Gu",,"Hoboken, NJ :Wiley,2019",,2019.0,268 p.,621.3841,"Luo, Qi::author|Gao, Steven::contributor|Gu, Chao::contributor|Liu, Wei::contributor",Adaptive antennas,book
https://thuvien.ntu.edu.vn/Opac/DmdInfo.aspx?mnuid=146&collection_id=12&material_type=2&dmd_id=235181,Understanding reading :A psycholinguistic analysis of reading and learning to read /Frank Smith,,"Mahwah, N.J. :L. Erlbaum Associates,2004",,2004.0,"xii, 374 p. :ill. ;24 cm",372.4,"Smith, Frank::author","Learning, Psychology of|Written communication|Reading",book
https://thuvien.ntu.edu.vn/Opac/DmdInfo.aspx?mnuid=146&collection_id=12&material_type=2&dmd_id=235042,Optimizing and assessing information technology :Improving business project execution /K. Scott Proctor,,"Hoboken, N.J. :Wiley,2011",,2011.0,"xvi, 233 p. :ill. ;24 cm",658.4,"Proctor, K. Scott::author",Information technology|Project management,book
https://thuvien.ntu.edu.vn/Opac/DmdInfo.aspx?mnuid=146&collection_id=12&material_type=2&dmd_id=235035,Integrated strategies for drug discovery using mass spectrometry /edited by Mike S. Lee,,"Hoboken, N.J. :Wiley-Interscience,2005",,2005.0,"xvii, 550 p. :ill. ;24 cm",615.19,"Lee, Mike S.::contributor",Mass spectrometry|High throughput screening (Drug development),book
https://thuvien.ntu.edu.vn/Opac/DmdInfo.aspx?mnuid=146&collection_id=12&material_type=2&dmd_id=235027,Exercises in synthetic organic chemistry /Chiara Ghiron and Russell J. Thomas,,"Oxford :Oxford University Press,1997",,1997.0,"xv, 123 p. :ill. ;30 cm",547.2,"Ghiron, Chiara::author|Thomas, Russell J.::contributor",Organic compounds,book
https://thuvien.ntu.edu.vn/Opac/DmdInfo.aspx?mnuid=146&collection_id=12&material_type=2&dmd_id=235024,Writing securities research :A best practice guide /Jeremy Bolland,,"Hoboken, NJ :Wiley,2010",,2010.0,"xlviii, 300 p. :ill. ;24 cm",332.632,"Bolland, Jeremy F.::author",Report writing|Conflict of interests|Investment analysis,book
https://thuvien.ntu.edu.vn/Opac/DmdInfo.aspx?mnuid=146&collection_id=12&material_type=2&dmd_id=235020,The truth about testing :An educator's call to action /W. James Popham,,"Alexandria, Va. :Association for Supervision and Curriculum Development,2001",,2001.0,"iv, 167 p. ;24 cm",371.26,"Popham, W. James::author",Education|Educational tests and measurements,book
https://thuvien.ntu.edu.vn/Opac/DmdInfo.aspx?mnuid=146&collection_id=12&material_type=2&dmd_id=235013,"Strategic global sourcing best practices /Fred Sollish, John Semanik",,"Hoboken, N.J. :Wiley,2011",,2011.0,"x, 229 p. :ill. ;24 cm",658.7,"Sollish, Fred::author|Semanik, John::contributor",Business logistics|Industrial procurement|Strategic planning,book
https://thuvien.ntu.edu.vn/Opac/DmdInfo.aspx?mnuid=146&collection_id=12&material_type=2&dmd_id=235006,"Spend analysis :The window into strategic sourcing /Kirit Pandit, H. Marmanis",,"Ft. Lauderdale, FL :J. Ross Pub.,2008",,2008.0,"xxi, 249 p. :ill. ;24 cm",658.7,"Pandit, Kirit::author|Marmanis, H.::contributor",Business logistics|Industrial procurement|Data warehousing,book
https://thuvien.ntu.edu.vn/Opac/DmdInfo.aspx?mnuid=146&collection_id=12&material_type=2&dmd_id=234996,"Promoting property :Insight, experience and best practice /edited by Penny Norton and Liz Male",,"New York, NY :Routledge,2020",,2020.0,214 p.,659.2,"Male, Liz::contributor|Norton, Penny::contributor",Public relations|Real property,book
https://thuvien.ntu.edu.vn/Opac/DmdInfo.aspx?mnuid=146&collection_id=12&material_type=2&dmd_id=234989,"Smart manufacturing innovation and transformation :Interconnection and intelligence /Zongwei Luo, editor",,"Hershey, PA :Business Science Reference,2014",,2014.0,"xxv, 407 pages ;29 cm",670.0,"Luo, Zongwei::contributor",Production engineering|Manufacturing processes|Flexible manufacturing systems,book
https://thuvien.ntu.edu.vn/Opac/DmdInfo.aspx?mnuid=146&collection_id=12&material_type=2&dmd_id=234920,"Inclusive education :International policy and practice /Ann Cheryl Armstrong, Derrick Armstrong, Ilektra Spandagou",,"Los Angeles :Sage,2010",,2010.0,"xiii, 162 p. :ill. ;24 cm",371.9,"Armstrong, Ann Cheryl::author|Armstrong, Derrick::contributor|Spandagou, Ilektra::contributor",Inclusive education|Mainstreaming in education,book
https://thuvien.ntu.edu.vn/Opac/DmdInfo.aspx?mnuid=146&collection_id=12&material_type=2&dmd_id=234910,Current best practice in interventional cardiology /edited by Bernhard Meier,,"Hoboken, NJ :Wiley-Blackwell,2010",,2010.0,"x, 219 p. :ill. ;26 cm",617.4,"Meier, Bernhard::contributor",Diagnostic Imaging|Heart Diseases- Surgery|Cardiovascular Diseases,book
https://thuvien.ntu.edu.vn/Opac/DmdInfo.aspx?mnuid=146&collection_id=12&material_type=2&dmd_id=234749,The geography of money /Benjamin J. Cohen,,"Ithaca :Cornell University Press,1998",,1998.0,"xv, 229 p. ;24 cm",332.042,"Cohen, Benjamin J.::author",International finance|International trade,book
https://thuvien.ntu.edu.vn/Opac/DmdInfo.aspx?mnuid=146&collection_id=12&material_type=2&dmd_id=234746,"The big data-driven business :How to use big data to win customers, beat competitors, and boost profits /Russell Glass, Sean Callahan",,"Hoboken :Wiley,2014",,2014.0,214 p.,658.8,"Glass, Russell::author|Callahan, Sean::contributor",Internet marketing|Consumer behavior|Business communication,book
https://thuvien.ntu.edu.vn/Opac/DmdInfo.aspx?mnuid=146&collection_id=12&material_type=2&dmd_id=234740,A guide to chalcogen-nitrogen chemistry /Tristram Chivers,,"Hackensack, NJ :World Scientific,2005",,2005.0,"xix, 318 p. :ill. ;24 cm",546.72,"Chivers, Tristram::author",Chalcogenides|Nitrogen compounds|Chemistry,book
https://thuvien.ntu.edu.vn/Opac/DmdInfo.aspx?mnuid=146&collection_id=12&material_type=2&dmd_id=234731,Blaming the brain :The truth about drugs and mental health /Elliot S. Valenstein,,"New York :Free Press,1988",,1988.0,"xi, 292 p. :ill. ;24 cm",616.89,"Valenstein, Elliot S.::author",Brain- ffect of drugs on|Deceptive advertising|Medical misconceptions,book
https://thuvien.ntu.edu.vn/Opac/DmdInfo.aspx?mnuid=146&collection_id=12&material_type=2&dmd_id=234678,The truth about managing people ... and nothing but the truth /Stephen P. Robbins,,"Upper Saddle River, NJ :Prentice Hall,2003",,2003.0,211 p.,658.3,"Robbins, Stephen P.::author",Supervision of employees,book
https://thuvien.ntu.edu.vn/Opac/DmdInfo.aspx?mnuid=146&collection_id=12&material_type=2&dmd_id=234386,Attacking currency trends :How to anticipate and trade big moves in the forex market /Greg Michalowski,,"Hoboken, N.J. :Wiley,2011",,2011.0,"xi, 287 p. :ill. ;24 cm",332.4,"Michalowski, Greg::author",Foreign exchange market|Investments,book
https://thuvien.ntu.edu.vn/Opac/DmdInfo.aspx?mnuid=146&collection_id=12&material_type=2&dmd_id=234377,"Rubber and the making of Vietnam :An ecological history, (1897-1975) /Michitake Aso",,"Chapel Hill :The University of North Carolina Press,2018",,2018.0,"xvii, 405 pages :ill. ;24 cm",338.173,"Aso, Michitake::author",Rubber plantations|Vietnam- Politics and government,book
https://thuvien.ntu.edu.vn/Opac/DmdInfo.aspx?mnuid=146&collection_id=12&material_type=2&dmd_id=234337,Computer applications in pharmaceutical research and development /edited by Sean Ekins,,"Hoboken, N.J. :Wiley-Interscience,2006",,2006.0,"xix, 805 p. :ill. ;25 cm",615.102,"Ekins, Sean::contributor",Medical Informatics|Drug Industry|Pharmaceutical industry,book
https://thuvien.ntu.edu.vn/Opac/DmdInfo.aspx?mnuid=146&collection_id=12&material_type=2&dmd_id=234306,"Megatrends in food and agriculture :Technology, water use and nutrition /Helmut Traitler, Michel Dubois, Keith Heikes, Vincent Pétiard, David Zilberman",,"Hoboken, NJ :Wiley,2018",,2018.0,"xvi, 320 pages :illustrations ;24 cm",664.0,"Traitler, Helmut::author|Dubois, Michel::contributor|Heikes, Keith::contributor|Petiard, Vincent::contributor|Zilberman, David::contributor",Food industry and trade|Water in agriculture|Agricultural biotechnology,book
https://thuvien.ntu.edu.vn/Opac/DmdInfo.aspx?mnuid=146&collection_id=12&material_type=2&dmd_id=234299,Infographics for dummies /Justin Beegel,,"Hoboken, New Jersey :John Wiley & Sons, Inc.,2014",,2014.0,"x, 306 pages :illustrations ;24 cm",302.23,"Beegel, Justin::author",Presentation graphics software|Visual communication|Information visualization,book
https://thuvien.ntu.edu.vn/Opac/DmdInfo.aspx?mnuid=146&collection_id=12&material_type=2&dmd_id=234267,Networking for dummies /Doug Lowe,,"Indianapolis :John Wiley and Sons,2020",,2020.0,454 p. :ill.,4.6,"Lowe, Doug::author",Computer networks,book
https://thuvien.ntu.edu.vn/Opac/DmdInfo.aspx?mnuid=146&collection_id=12&material_type=2&dmd_id=234266,Oats :Chemistry and technology /edited by Francis H. Webster and Peter J. Wood,,"St. Paul, Minn. :American Association of Cereal Chemists International,2011",,2011.0,"xii, 376 p. :ill. ;29 cm",664.725,"Webster, Francis H.::contributor|Wood, Peter J.::contributor",Oats|Oats- Processing,book
https://thuvien.ntu.edu.vn/Opac/DmdInfo.aspx?mnuid=146&collection_id=12&material_type=2&dmd_id=234252,"Big data, little data, no data :Scholarship in the networked world /Christine L. Borgman",,"Cambridge, Massachusetts :The MIT Press,2015",,2015.0,"xxv, 383 pages ;24 cm",4.0,"Borgman, Christine L.::author",Communication in learning and scholarship|Research- Data processing|Information technology,book
https://thuvien.ntu.edu.vn/Opac/DmdInfo.aspx?mnuid=146&collection_id=12&material_type=2&dmd_id=234240,Trading futures for dummies /Joe Duarte,,"Hoboken, N.J. :Wiley Pub.,2008",,2008.0,"xviii, 364 p. :ill. ;24 cm",332.64,"Duarte, Joe::author",Options (Finance)|Futures,book
https://thuvien.ntu.edu.vn/Opac/DmdInfo.aspx?mnuid=146&collection_id=12&material_type=2&dmd_id=234179,"Cognitive computing and big data analytics /Judith Hurwitz, Marcia Kaufman, Adrian Bowles",,"Indianapolis, IN :Wiley,2015",,2015.0,"xxi, 266 pages :illustrations ;24 cm",6.3,"Hurwitz, Judith::author|Kaufman, Marcia::contributor|Bowles, Adrian::contributor",Cognitive science|Human-computer interaction|Artificial intelligence,book
https://thuvien.ntu.edu.vn/Opac/DmdInfo.aspx?mnuid=146&collection_id=12&material_type=2&dmd_id=234177,Big data MBA :Driving business strategies with data science /Bill Schmarzo,,"Indianapolis :John Wiley & Sons, Inc.,2016",,2016.0,"xxvii, 283 pages :illustrations ;23 cm",658.4,"Schmarzo, Bill::author",Business intelligence|Big data|Data mining,book
https://thuvien.ntu.edu.vn/Opac/DmdInfo.aspx?mnuid=146&collection_id=12&material_type=2&dmd_id=234139,Too big to ignore :The business case for big data /Phil Simon,,"Hoboken, New Jersey :John Wiley & Sons, Inc.,2013",,2013.0,231 p. :ill.,6.3,"Simon, Phil::author",Big data|Database management|Data mining,book
https://thuvien.ntu.edu.vn/Opac/DmdInfo.aspx?mnuid=146&collection_id=12&material_type=2&dmd_id=234134,"Big data, big innovation :Enabling competitive differentiation through business analytics /Evan Stubbs",,"Hoboken, New Jersey :Wiley,2014",,2014.0,"xvii, 232 pages :illustrations ;24 cm",658.4,"Stubbs, Evan::author",Business planning|Big data|Strategic planning,book
https://thuvien.ntu.edu.vn/Opac/DmdInfo.aspx?mnuid=146&collection_id=12&material_type=2&dmd_id=234133,Being right or making money /Ned Davis,,"Hoboken, New Jersey :John Wiley and Sons, Inc.,2014",,2014.0,"xvii, 231 pages :ill. ;23 cm",332.6,"Davis, Ned::author",Investments|Investment analysis,book
https://thuvien.ntu.edu.vn/Opac/DmdInfo.aspx?mnuid=146&collection_id=12&material_type=2&dmd_id=234087,"Solvent effects in chemistry /Erwin Buncel, Robert A. Stairs",,"Hoboken, New Jersey :Wiley,2016",,2016.0,"xi, 227 pages :illustrations ;25 cm",541.34,"Buncel, Erwin::author|Stairs, Robert A.::contributor",Chemical reactions|Solvation|Solvents,book
https://thuvien.ntu.edu.vn/Opac/DmdInfo.aspx?mnuid=146&collection_id=12&material_type=2&dmd_id=234068,"Practical centrifugal pumps :Design, operation and maintenance /Paresh Girdhar, Octo Moniz",,"Burlington, MA :Elsevier,2005",,2005.0,250 p. :ill.,621.6,"Girdhar, Paresh::author|Moniz, Octo::contributor",Centrifugal pumps,book
https://thuvien.ntu.edu.vn/Opac/DmdInfo.aspx?mnuid=146&collection_id=12&material_type=2&dmd_id=234064,Stochastic processes and models /David Stirzaker,,"Oxford :Oxford University Press,2005",,2005.0,"vi, 331 p. :ill. ;25 cm",519.2,"Stirzaker, David::author",Stochastic processes|Stochastic models,book
https://thuvien.ntu.edu.vn/Opac/DmdInfo.aspx?mnuid=146&collection_id=12&material_type=2&dmd_id=234056,"Managing risk of supply chain disruptions /Tong Shu, Shou Chen, Kin Keung Lai, Xizheng Zhang, and Shouyang Wang",,"Abingdon, Oxon :Routledge, Taylor & Francis Group,2014",,2014.0,199 p. ;24 cm,658.7,"Shu,Tong::author|Lai, Kin Keung::contributor|Chen, Shou::contributor|Zhang, Xizheng::contributor|Wang, Shouyang::contributor",Business logistics|Risk management,book
https://thuvien.ntu.edu.vn/Opac/DmdInfo.aspx?mnuid=146&collection_id=12&material_type=2&dmd_id=234027,Professional ethics for the construction industry /Rebecca Mirsky and John Schaufelberger,,"New York, NY :Routledge,2015",,2015.0,"x, 140 pages :illustrations ;24 cm",174.96,"Mirsky, Rebecca::author|Schaufelberger, John::contributor",Architects and builders|Construction industry|Construction workers,book
https://thuvien.ntu.edu.vn/Opac/DmdInfo.aspx?mnuid=146&collection_id=12&material_type=2&dmd_id=234019,Logistics and supply chain integration /Ian Sadler,,"London :Sage,2007",,2007.0,"xxii, 259 p. :ill. ;25 cm",658.5,"Sadler, Ian::author",Business logistics,book
https://thuvien.ntu.edu.vn/Opac/DmdInfo.aspx?mnuid=146&collection_id=12&material_type=2&dmd_id=233998,"Information technology investment :Decision-making methodology /Marc J. Schniederjans, Jamie L. Hamaker, Ashlyn M. Schniederjans",,"River Edge, N.J. :World Scientific,2004",,2004.0,"xxvi, 389 p. :ill. ;24 cm",4.068,"Schniederjans, Marc J.::author|Hamaker, Jamie L.::contributor|Schniederjans, Ashlyn M.::contributor",Information technology,book
https://thuvien.ntu.edu.vn/Opac/DmdInfo.aspx?mnuid=146&collection_id=12&material_type=2&dmd_id=233985,The cloud-based demand-driven supply chain /Vinit Sharma,,"Hoboken, New Jersey :John Wiley & Sons,2019",,2019.0,311 p. :ill.,658.70285,"Sharma, Vinit::author",Business logistics|Cloud computing- Industrial applications|Supply and demand- Management,book
https://thuvien.ntu.edu.vn/Opac/DmdInfo.aspx?mnuid=146&collection_id=12&material_type=2&dmd_id=233896,"Perfect selling :Open the door, close the deal /Linda Richardson",,"New York :McGraw-Hill,2008",,2008.0,"xxx, 174 p. :ill. ;19 cm",658.85,"Richardson, Linda::author",Interpersonal communication|Selling,book
https://thuvien.ntu.edu.vn/Opac/DmdInfo.aspx?mnuid=146&collection_id=12&material_type=2&dmd_id=233889,Managing complex projects :A new model /Kathleen B. Hass,,"Vienna, VA :Management Concepts,2009",,2009.0,"xxiv, 298 p. ;25 cm",658.4,"Hass, Kathleen B.::author",Project management,book
https://thuvien.ntu.edu.vn/Opac/DmdInfo.aspx?mnuid=146&collection_id=12&material_type=2&dmd_id=233557,"Global logistics and supply chain management /John Mangan, Chandra Lalwani",,"Southern Gate, Chichester, West Sussex, UK :Wiley,2016",,2016.0,"xvii, 393 pages :illustrations ;25 cm",658.7,"Mangan, John::author|Lalwani, Chandra::contributor",Business logistics,book
https://thuvien.ntu.edu.vn/Opac/DmdInfo.aspx?mnuid=146&collection_id=11&material_type=2&dmd_id=239324,Bạn muốn trở thành phiên dịch giỏi? - Cẩm nang kỹ năng nghề phiên dịch :Tất cả mọi bí quyết và nguyên tắc thành công cho nghề phiên dịch đều nằm ở trong quyển sách này /Lê Huy Khoa,Cẩm nang kỹ năng nghề phiên dịch :Tất cả mọi bí quyết và nguyên tắc thành công cho nghề phiên dịch đều nằm ở trong quyển sách này,"TP Hồ Chí Minh :Tổng hợp TP Hồ Chí Minh,2023",,2023.0,328 tr. :Minh họa ;21 cm,418.02,Lê Huy Khoa::author,Phiên dịch và dịch thuật|Phiên dịch,book
https://thuvien.ntu.edu.vn/Opac/DmdInfo.aspx?mnuid=146&collection_id=11&material_type=2&dmd_id=239318,Tiền bẩn :Lật tẩy những cú lừa thế kỷ và thủ thuật thao túng tài chính chấn động nước Mỹ /Kelly Richmond Pope; Phạm Trúc Quỳnh (dịch),"Fool me once : scams, stories, and secrets from the trillion-dollar fraud industry","Hà Nội :Công thương,2023",,2023.0,"350 tr. :Minh họa ;20,5 cm",364.163,"Pope, Kelly Richmond::author|Phạm Trúc Quỳnh::contributor",Gian lận|Tâm lý học công nghiệp|Đạo đức kinh doanh,book
https://thuvien.ntu.edu.vn/Opac/DmdInfo.aspx?mnuid=146&collection_id=11&material_type=2&dmd_id=239317,Xoay trục :Tương lai nghệ thuật lãnh đạo của Mỹ ở Châu Á /Kurt M. Campbell; Nguyễn Văn Sảnh và những người khác dịch và hiệu đính,The Pivot : the future of American statecraft in Asia,"TP Hồ Chí Minh :Trẻ,2017",,2017.0,491 tr. ;23 cm,327.5073,"Campbell, Kurt M.::author|Nguyễn Hồng Quang::contributor|Nguyễn Văn Sảnh::contributor|Nguyễn Tuấn Linh::contributor",Châu Á- Quan hệ nước ngoài|Hoa Kỳ- Quan hệ nước ngoài,book
https://thuvien.ntu.edu.vn/Opac/DmdInfo.aspx?mnuid=146&collection_id=11&material_type=2&dmd_id=239082,Góc nhìn cận cảnh :Thế giới và Biển Đông sau phán quyết của Tòa Trọng tài /Trần Nam Tiến (Chủ biên) và những người khác,,"TP Hồ Chí Minh :Tổng hợp TP Hồ Chí Minh,2025",,2025.0,253 tr. :Minh họa,320.15,Trần Nam Tiến::contributor|Phạm Ngọc Minh Trang::contributor|Huỳnh Tâm Sáng::contributor|Nguyễn Thu Trang::contributor,Chủ quyền|Quần đảo Hoàng Sa|Quần đảo Trường Sa,book
https://thuvien.ntu.edu.vn/Opac/DmdInfo.aspx?mnuid=146&collection_id=11&material_type=2&dmd_id=239064,"Lịch sử thủy lợi Việt Nam /Phan Khánh (Chủ biên), Nguyễn Ân Niên, Nguyễn Ty Niên",,"TP Hồ Chí Minh :Tổng hợp TP Hồ Chí Minh,2024",,2024.0,520 tr. :Minh họa,333.913,Phan Khánh::author|Nguyễn Ân Niên::contributor|Nguyễn Ty Niên::contributor,Thủy lợi- Lịch sử|Việt Nam- Lịch sử,book
https://thuvien.ntu.edu.vn/Opac/DmdInfo.aspx?mnuid=146&collection_id=11&material_type=2&dmd_id=239057,"Lý thuyết về dịch thuật :Một dẫn nhập ngắn /Bùi Thị Ngọc Lan, Nguyễn Văn Hà, Nguyễn Vương Tuấn",The theory of translation : a very short introduction,"TP Hồ Chí Minh :Tổng hợp TP Hồ Chí Minh,2025",,2025.0,"158 tr. ;16,5 cm",418.02,Bùi Thị Ngọc Lan::author|Nguyễn Vương Tuấn::contributor|Nguyễn Văn Hà::contributor,Dịch thuật và phiên dịch|Phiên dịch- Lý thuyết,book
https://thuvien.ntu.edu.vn/Opac/DmdInfo.aspx?mnuid=146&collection_id=11&material_type=2&dmd_id=239002,Triết học tổng quát :Vấn đề triết học /Nguyễn Văn Trung,,"TP Hồ Chí Minh :Tổng hợp TP Hồ Chí Minh,2024",,2024.0,216 tr. ;20 cm,102.0,Nguyễn Văn Trung::author,Triết học|Triết học và khoa học,book
https://thuvien.ntu.edu.vn/Opac/DmdInfo.aspx?mnuid=146&collection_id=11&material_type=2&dmd_id=239000,"Huế và triều Nguyễn, theo dấu thời gian /Đỗ Minh Điền",,"TP Hồ Chí Minh :Tổng hợp TP Hồ Chí Minh,2024",,2024.0,296 tr. :Minh họa ;23 cm,959.7029,Đỗ Minh Điền::author,Huế (Việt Nam)- Lịch sử|Triều nhà Nguyễn|Việt Nam- Lịch sử,book
https://thuvien.ntu.edu.vn/Opac/DmdInfo.aspx?mnuid=146&collection_id=11&material_type=2&dmd_id=238999,Tiếng Việt chữ nghĩa - Hồn vía dân gian /Phạm Văn Tình,,"TP Hồ Chí Minh :Tổng hợp TP Hồ Chí Minh,2025",,2025.0,268 tr. ;21 cm,495.922,Phạm Văn Tình::author,Ca dao Việt Nam|Truyện thơ Việt Nam|Tục ngữ Việt Nam,book
https://thuvien.ntu.edu.vn/Opac/DmdInfo.aspx?mnuid=146&collection_id=11&material_type=2&dmd_id=238997,Việt Nam sử luận :Góc nhìn đa chiều /Trịnh Vĩnh Thường; Nguyễn Phúc An (dịch và khảo chú),,"TP Hồ Chí Minh :Tổng hợp TP Hồ Chí Minh,2025",,2025.0,384 tr. :Minh họa ;24 cm,959.7,Trịnh Vĩnh Thường::author|Nguyễn Phúc An::contributor,Việt Nam- Lịch sử,book
https://thuvien.ntu.edu.vn/Opac/DmdInfo.aspx?mnuid=146&collection_id=11&material_type=2&dmd_id=237839,Đối thoại với Lý Quang Diệu :Nhà nước công dân Singapore : cách thức xây dựng một quốc gia /Tom Plate; Nguyễn Hằng dịch,Conversations with Lee Kuan Yew,"TP Hồ Chí Minh :Trẻ,2011",,2011.0,"266 tr. :Minh họa ;20,5 cm",321.8043,"Plate, Tom::author|Nguyễn Hằng::contributor",Lý Quang Diệu- Phỏng vấn|Lý Quang Diệu- Quan điểm chính trị và xã hội|Tổng thống Singapore- Phỏng vấn,book
https://thuvien.ntu.edu.vn/Opac/DmdInfo.aspx?mnuid=146&collection_id=11&material_type=2&dmd_id=237625,Python cơ bản /Bùi Việt Hà,,"Hà Nội :ĐH. Quốc gia Hà Nội,2024",,2024.0,140 tr. ;27 cm.,5.133,Bùi Việt Hà::author,Ngôn ngữ lập trình Python|Tin học,book
https://thuvien.ntu.edu.vn/Opac/DmdInfo.aspx?mnuid=146&collection_id=11&material_type=2&dmd_id=237624,"Luật An toàn thực phẩm quy định mới về thanh tra, xử phạt vi phạm hành chính trong lĩnh vực an toàn thực phẩm ở các cơ quan, doanh nghiệp, hộ kinh doanh, nhà hàng, khách sạn, quán ăn /Thu Phương (Hệ thống)",,"Hà Nội :La động,2022",,2022.0,384 tr. ;28 cm,344.0,Thu Phương::contributor,Luật và pháp chế thực phẩm- Việt Nam,book
https://thuvien.ntu.edu.vn/Opac/DmdInfo.aspx?mnuid=146&collection_id=11&material_type=2&dmd_id=237623,Lý thuyết điều khiển tự động thông thường và hiện đại :Quyển 2: Hệ xung số /Nguyễn Thương Ngô,,"Hà Nội :Khoa học và Kỹ thuật,2009",,2009.0,200 tr. ;24 cm.,621.3,Nguyễn Thương Ngô::author,Tự động hóa|Điều khiển tự động,book
https://thuvien.ntu.edu.vn/Opac/DmdInfo.aspx?mnuid=146&collection_id=11&material_type=2&dmd_id=237622,Phân tích công cụ /Trần Thị Thúy,,"Hà Nội :Bách Khoa Hà Nội,2016",,2016.0,196 tr. ;24 cm,543.0,Trần Thị Thúy::author,Phân tích công cụ|Hóa phân tích,book
https://thuvien.ntu.edu.vn/Opac/DmdInfo.aspx?mnuid=146&collection_id=11&material_type=2&dmd_id=237619,Giáo trình kỹ thuật bao bì thực phẩm /Đống Thị Anh Đào,,"Tp. HCM :ĐHQG Tp. HCM,2020",,2020.0,404 tr. ;24 cm,664.09,Đống Thị Anh Đào::author,Bao gói sản phẩm|Thực phẩm - Bao bì,book
https://thuvien.ntu.edu.vn/Opac/DmdInfo.aspx?mnuid=146&collection_id=11&material_type=2&dmd_id=237617,Sinh lý thực vật ứng dụng /Vũ Văn Vụ,,"Hà Nội :Giáo Dục,1999",,1999.0,148 tr. ;21 cm,571.2,Vũ Văn Vụ::author,Sinh lý học thực vật,book
https://thuvien.ntu.edu.vn/Opac/DmdInfo.aspx?mnuid=146&collection_id=11&material_type=2&dmd_id=237615,"Trở thành người bán hàng xuất sắc :21 cách tuyệt vời để bán được nhiều hơn, nhanh hơn, dễ dàng hơn trong những thị trường khó khăn /Brian Tracy; Quế Hương dịch",Be a sales superstar,"Hà Nội :Lao động,2016",,2016.0,"140 tr. ;20,5 cm",658.85,"Tracy, Brian::author|Quế Hương::contributor",Thành công trong kinh doanh|Bán hàng,book
https://thuvien.ntu.edu.vn/Opac/DmdInfo.aspx?mnuid=146&collection_id=11&material_type=2&dmd_id=237598,Dinh dưỡng học /Đào Thị Yến Phi (chủ biên) và các tác giả khác,,"H. :Y học,2020",,2020.0,"xiv, 541 tr. ;27 cm",613.2,Nguyễn Phương Anh::contributor|Đào Thị Yến Phi::contributor|Đoàn Thị Ánh Tuyết::contributor|Đoàn Thị Kim Thoa::contributor,Dinh dưỡng học,book
https://thuvien.ntu.edu.vn/Opac/DmdInfo.aspx?mnuid=146&collection_id=11&material_type=2&dmd_id=237585,"Thế mới là marketing :Sẽ chẳng ai biết đến bạn, trừ khi bạn học được cách tự tỏa sáng /Seth Godin; Phan Thu dịch",This is marketing,"Hà Nội :Thế giới,2019",,2019.0,366 tr.,658.8,"Godin, Seth::author|Phan Thu::contributor",Thành công trong kinh doanh|Marketing,book
https://thuvien.ntu.edu.vn/Opac/DmdInfo.aspx?mnuid=146&collection_id=11&material_type=2&dmd_id=237576,Thế giới ảo thương hiệu thật :Bí quyết xây dựng thương hiệu cá nhân thành công trên nền tảng mạng xã hội /Gary Vaynerchuk; Nguyễn Thu Hương dịch,Crushing it!,"Hà Nội :Thế giới,2019",,2019.0,"378 tr. ;20,5 cm",658.421,"Vaynerchuk, Gary::author|Nguyễn Thu Hương::contributor",Thành công trong kinh doanh|Ảnh hưởng (Tâm lý học)|Khởi sự doanh nghiệp,book
https://thuvien.ntu.edu.vn/Opac/DmdInfo.aspx?mnuid=146&collection_id=11&material_type=2&dmd_id=237570,"Giáo trình hóa sinh thực vật /Trần Thị Lệ (Chủ biên), Võ Văn Quang",,"Hà Nội :Nxb. Nông Nghiệp,2006",,2006.0,284 tr. ;21 cm,572.0,Trần Thị Lệ::author|Võ Văn Quang::contributor,Sinh hóa thực vật,book
https://thuvien.ntu.edu.vn/Opac/DmdInfo.aspx?mnuid=146&collection_id=11&material_type=2&dmd_id=237460,Influencer :Xây dựng thương hiệu cá nhân trong kỷ nguyên 4.0 /Brittany Hennessy; Linh Nguyên dịch,Influencer: building your personal brand in the age of social media,"Hà Nội :Lao động,2019",,2019.0,342 tr. ;20 cm,658.872,"Hennessy, Brittany::author|Linh Nguyên::contributor",Marketing internet|Xây dựng thương hiệu (Marketing)|Truyền thông xã hội,book
https://thuvien.ntu.edu.vn/Opac/DmdInfo.aspx?mnuid=146&collection_id=11&material_type=2&dmd_id=237281,Phương pháp thiết kế tuyến clothoid cho đường ô tô /Nguyễn Xuân Vinh,,"Hà Nội :Xây dựng,2006",,2006.0,238 tr. :Minh họa ;27 cm,625.725,Nguyễn Xuân Vinh::author,Thiết kế tuyến Clothoid|Động lực học công trình|Xây dựng đường ô tô,book
https://thuvien.ntu.edu.vn/Opac/DmdInfo.aspx?mnuid=146&collection_id=11&material_type=2&dmd_id=236781,"Máy móc, nền tảng, cộng đồng :Làm chủ tương lai kỹ thuật số của chúng ta /Andrew McAfee, Erik Brynjolfsson; Phạm Ngọc Thắng dịch","Machine, platform, crowd","Hà Nội :Thông tin Truyền thông,2020",,2020.0,379 tr. :Minh họa ;24 cm,303.4833,"McAfee, Andrew::author|Phạm Ngọc Thắng::contributor|Brynjolfsson, Erik::contributor",Kinh tế|Công nghệ thông tin|Xã hội,book
https://thuvien.ntu.edu.vn/Opac/DmdInfo.aspx?mnuid=146&collection_id=11&material_type=2&dmd_id=235962,"Giáo trình Thủ tục hành chính (Dùng cho đào tạo Đại học Hành chính) /Nguyễn Văn Thâm, Võ Kim Sơn",,"Hà Nội :Nxb. Khoa học và Kỹ thuật,2012",,2012.0,151 tr. ;21 cm,351.0711,Nguyễn Văn Thâm::author|Võ Kim Sơn::contributor,Thủ tục hành chính,book
https://thuvien.ntu.edu.vn/Opac/DmdInfo.aspx?mnuid=146&collection_id=11&material_type=2&dmd_id=235957,Giáo trình Tâm lý học đại cương /Huỳnh Văn Sơn và các tác giả khác,,"Tp.HCM :ĐH. Sư phạm Tp.HCM,2016",,2016.0,229 tr. ;24 cm,150.0,Huỳnh Văn Sơn::contributor|Lê Thị Hân::contributor|Nguyễn Thị Uyên Thy::contributor|Trần Thị Thu Mai::contributor,Tâm lý học,book
https://thuvien.ntu.edu.vn/Opac/DmdInfo.aspx?mnuid=146&collection_id=11&material_type=2&dmd_id=235739,Giáo trình tối ưu tuyến tính :Quyển 2 /Trần Vũ Thiệu,,"Hà Nội :Bách khoa Hà Nội,2023",,2023.0,221 tr. :Minh họa,512.5,Trần Vũ Thiệu::author,Toán tối ưu,book
https://thuvien.ntu.edu.vn/Opac/DmdInfo.aspx?mnuid=146&collection_id=11&material_type=2&dmd_id=235729,Giáo trình tối ưu tuyến tính :Quyển 1 /Trần Vũ Thiệu,,"Hà Nội :Bách khoa Hà Nội,2023",,2023.0,110 tr. :Minh họa,512.5,Trần Vũ Thiệu::author,Toán tối ưu,book
https://thuvien.ntu.edu.vn/Opac/DmdInfo.aspx?mnuid=146&collection_id=11&material_type=2&dmd_id=235717,Giáo trình thủy năng /Hồ Sỹ Dự (chủ biên) và những người khác,,"Hà Nội :Xây dựng,2024",,2024.0,350 tr. :Minh họa,627.0,Hà Văn Khối::contributor|Hồ Sỹ Dự::contributor|Trịnh Quốc Công::contributor|Lê Ngọc Sơn::contributor|Phan Trần Hồng Long::contributor|Hồ Sỹ Mão::contributor|Hồ Ngọc Dung::contributor|Hoàng Công Tuấn::contributor,Trạm thủy điện|Thủy năng,book
https://thuvien.ntu.edu.vn/Opac/DmdInfo.aspx?mnuid=146&collection_id=11&material_type=2&dmd_id=235684,"Định hình mạng 6G trong tương lai :Sự cần thiết, tác động và công nghệ /Emmanuel Bertin, Noel Crespi, Thomas Magedanz (biên soạn), Lê Tiến Hưng dịch","Shaping future 6G networks : needs, impacts and technologies","Hà Nội :Thông tin và truyền thông,2025",,2025.0,462 tr. :Minh họa,621.382,"Magedanz, Thomas::contributor|Bertin, Emmanuel::contributor|Crespi, Noel::contributor|Lê Tiến Hưng::contributor",Hệ thống thông tin di động|Mạng 6G,book
https://thuvien.ntu.edu.vn/Opac/DmdInfo.aspx?mnuid=146&collection_id=11&material_type=2&dmd_id=235683,"Giáo trình Tâm lý học quản lý /Hoàng Thị Thu Hiền, Nguyễn Thị Lan",,"Hà Nội :Nxb. ĐHQG Tp.HCM,2012",,2012.0,346 tr.,158.7,Hoàng Thị Thu Hiền::author|Nguyễn Thị Lan::contributor,Tâm lý học xã hội,book
https://thuvien.ntu.edu.vn/Opac/DmdInfo.aspx?mnuid=146&collection_id=11&material_type=2&dmd_id=235682,Các phương pháp sơ đồ mạng trong xây dựng /Trịnh Quốc Thắng,,"Hà Nội :Đại học Sư phạm,2012",,2012.0,174 tr. ;21 cm.,624.028,Trịnh Quốc Thắng::author,Phương pháp sơ đồ mạng (Xây dựng)|Công trình xây dựng- Thi công,book
https://thuvien.ntu.edu.vn/Opac/DmdInfo.aspx?mnuid=146&collection_id=11&material_type=2&dmd_id=235681,Chiếu sáng đường giao thông nông thôn /Vũ Phương Thảo (chủ biên) và những người khác,,"Hà Nội :Khoa học - công nghệ - truyền thông,2025",,2025.0,239 tr. ;Minh họa,625.7,Vũ Phương Thảo::contributor|Nguyễn Lan Anh::contributor|Vũ Ngọc Phương::contributor|Nguyễn Huy Hùng::contributor|Nguyễn Hà Linh::contributor|Phạm Vũ Hà::contributor,Hệ thống chiếu sáng|Đường giao thông nông thôn- Việt Nam,book
https://thuvien.ntu.edu.vn/Opac/DmdInfo.aspx?mnuid=146&collection_id=11&material_type=2&dmd_id=235664,Giáo trình thủy điện /Nguyễn Văn Nghĩa (chủ biên) và những người khác,,"Hà Nội :Xây dựng,2024",,2024.0,366 tr. :Minh họa,627.0,Nguyễn Văn Sơn::contributor|Lê Ngọc Sơn::contributor|Nguyễn Văn Nghĩa::contributor|Nguyễn Thị Nhớ::contributor|Phan Trần Hồng Long::contributor|Đào Ngọc Hiếu::contributor|Hồ Sỹ Mão::contributor,Trạm thủy điện|Thủy năng,book
https://thuvien.ntu.edu.vn/Opac/DmdInfo.aspx?mnuid=146&collection_id=11&material_type=2&dmd_id=235662,Chủ nghĩa tự do của Hayek /Gilles Dostaler; Nguyễn Đôn Phước dịch,,"Hà Nội :Tri thức,2008",,2008.0,185 tr.,330.01,"Dostaler, Gilles::author|Nguyễn Đôn Phước::contributor",Kinh tế,book
https://thuvien.ntu.edu.vn/Opac/DmdInfo.aspx?mnuid=146&collection_id=11&material_type=2&dmd_id=235656,Giáo trình xã hội học giáo dục /Lê Ngọc Lan,,"Hà Nội :Đại học Sư phạm,2005",,2005.0,129 tr. ;24 cm.,306.43,Lê Ngọc Lan::author,Xã hội học,book
https://thuvien.ntu.edu.vn/Opac/DmdInfo.aspx?mnuid=146&collection_id=11&material_type=2&dmd_id=235651,"Giáo trình toán ứng dụng trong kỹ thuật /Ngô Như Khoa, Ôn Ngũ Minh, Phạm Thị Thu Hằng",,"Thái Nguyên :Đại học Thái Nguyên,2019",,2019.0,321 tr. :Minh họa ;24 cm,519.8,Phạm Thị Thu Hằng::contributor|Ngô Như Khoa::contributor|Ôn Ngũ Minh::contributor,Toán ứng dụng,book
https://thuvien.ntu.edu.vn/Opac/DmdInfo.aspx?mnuid=146&collection_id=11&material_type=2&dmd_id=235625,Giáo trình tâm lí học giáo dục /Nguyễn Đức Sơn và những người khác,,"Hà Nội :Đại học sư phạm,2015",,2015.0,319 tr. ;24 cm,370.15,Lê Minh Nguyệt::contributor|Nguyễn Thị Huệ::contributor|Nguyễn Đức Sơn::contributor|Trần Quốc Thành::contributor|Trần Thị Lệ Thu::contributor|Đỗ Thị Hạnh Phúc::contributor,Tâm lí học giáo dục|Tâm lý học- Giáo trình,book
https://thuvien.ntu.edu.vn/Opac/DmdInfo.aspx?mnuid=146&collection_id=11&material_type=2&dmd_id=235624,Giáo trình Văn thư /Triệu Văn Cường,,"Hà Nội :Đại học Kinh tế Quốc dân,2016",,2016.0,367 tr. ;24 cm.,27.0,Triệu Văn Cường::author,Văn thư,book
https://thuvien.ntu.edu.vn/Opac/DmdInfo.aspx?mnuid=146&collection_id=11&material_type=2&dmd_id=235620,"Giáo trình quyền lực chính trị :Dùng cho hệ đào tạo cử nhân Chính trị học /Lê Minh Quân (chủ biên), Lưu Minh Văn",,"Hà Nội :Đại học quốc gia Hà Nội,2017",,2017.0,310 tr ;24 cm,320.4,Lê Minh Quân::author|Lưu Minh Văn::contributor,Quyền lực (Khoa học xã hội)|Chính trị học,book
https://thuvien.ntu.edu.vn/Opac/DmdInfo.aspx?mnuid=146&collection_id=11&material_type=2&dmd_id=235579,"Giáo trình mạng truyền thông công nghiệp /Phạm Thị Lý (chủ biên), Vũ Thị Quỳnh, Nguyễn Nhật Thanh, Lại Bạch Thị Thu Hà",,"Hà Nội :Khoa học tự nhiên và công nghệ,2024",,2024.0,198 tr. :Minh họa,621.382,Nguyễn Nhật Thanh::contributor|Phạm Thị Lý::contributor|Vũ Thị Quỳnh::contributor|Lại Bạch Thị Thu Hà::contributor,Cấu trúc mạng máy tính|Truyền thông- Kỹ thuật|Truyền thông công nghiệp,book
https://thuvien.ntu.edu.vn/Opac/DmdInfo.aspx?mnuid=146&collection_id=11&material_type=2&dmd_id=235572,"Giáo trình lịch sử ngoại giao Việt Nam /Hoàng Thị Mỹ Hạnh, Hà Thị Thu Thủy",,"Thái Nguyên :Đại học Thái Nguyên,2020",,2020.0,163 tr. ;24 cm,327.597,Hoàng Thị Mỹ Hạnh::author|Hà Thị Thu Thủy::contributor,Lịch sử ngoại giao- Việt Nam,book
https://thuvien.ntu.edu.vn/Opac/DmdInfo.aspx?mnuid=146&collection_id=11&material_type=2&dmd_id=235571,"Giáo trình địa chất đại cương và địa chất lịch sử /Phùng Ngọc Đĩnh, Lương Hồng Nhược",,"Hà Nội :Đại học sư phạm,2010",,2010.0,203 tr. :Minh họa ;24 cm,551.0,Phùng Ngọc Đĩnh::author|Lương Hồng Nhược::contributor,Địa chất đại cương|Địa chất học- Giáo trình|Địa chất lịch sử,book
https://thuvien.ntu.edu.vn/Opac/DmdInfo.aspx?mnuid=146&collection_id=11&material_type=2&dmd_id=235565,"Giáo trình thực hành điện tử công suất (Mạch nghịch lưu) /Lê Hoàng Minh, Lê Thanh Đạo, Bùi Thị Tuyết Đan",,"Tp.HCM :Nxb.ĐHQG,2017",,2017.0,316 tr. ;24 cm,621.381,Lê Hoàng Minh::author|Lê Thanh Đạo::contributor|Bùi Thị Tuyết Đan::contributor,Điện tử công suất,book
https://thuvien.ntu.edu.vn/Opac/DmdInfo.aspx?mnuid=146&collection_id=11&material_type=2&dmd_id=235553,Giáo trình chính sách đối ngoại của một số nước lớn trên thế giới /Phạm Minh Sơn (chủ biên) và những người khác,,"Hà Nội :Lý luận chính trị,2020",,2020.0,"323 tr. ;20,5 cm",327.1,Phạm Minh Sơn::contributor|Nguyễn Thị Quế::contributor|Phạm Lê Dạ Hương::contributor|Đỗ Thị Hùng Thúy::contributor|Nguyễn Thị Thu Hà::contributor,Chính sách đối ngoại,book
https://thuvien.ntu.edu.vn/Opac/DmdInfo.aspx?mnuid=146&collection_id=11&material_type=2&dmd_id=235534,Tổng hợp ancol từ H2/CO :Sách chuyên khảo /Nguyễn Tiến Thảo,Synthesis of alcohols from H2/CO,"Hà Nội :Đại học quốc gia Hà Nội,2020",,2020.0,196 tr. :Minh họa ;24 cm,547.0,Nguyễn Tiến Thảo::author,Công nghệ hóa học|Hóa học hữu cơ,book
https://thuvien.ntu.edu.vn/Opac/DmdInfo.aspx?mnuid=146&collection_id=11&material_type=2&dmd_id=235532,Giáo trình Thống kê đầu tư và xây dựng /Phan Công Nghĩa,,"Hà Nội :Đại học Kinh tế Quốc dân,2010",,2010.0,702 tr. ;21 cm.,332.678,Phan Công Nghĩa::author,Thống kê đầu tư,book
https://thuvien.ntu.edu.vn/Opac/DmdInfo.aspx?mnuid=146&collection_id=11&material_type=2&dmd_id=235529,"Giáo trình cao học thủy lợi - Mô hình toán thủy văn /Lê Văn Nghinh (chủ biên), Bùi Công Quang, Hoàng Thanh Tùng",,"Hà Nội :Xây dựng,2006",,2006.0,162 tr. :Minh họa ;27 cm,551.46,Lê Văn Nghinh::contributor|Bùi Công Quang::contributor|Hoàng Thanh Tùng::contributor,Thủy văn học- Mô hình toán học,book
https://thuvien.ntu.edu.vn/Opac/DmdInfo.aspx?mnuid=146&collection_id=11&material_type=2&dmd_id=235522,Thực hành sửa chữa màn hình tinh thể lỏng /Vân Anh,,"Hà Nội :Giao thông vận tải,2009",,2009.0,659 tr. :Minh họa ;24 cm,621.3815,Vân Anh::author,Màn hình tinh thể lỏng,book
https://thuvien.ntu.edu.vn/Opac/DmdInfo.aspx?mnuid=146&collection_id=14&material_type=2&dmd_id=237569,Hóa sinh thực phẩm /Đàm Sao Mai (chủ biên) và nhóm tác giả,,"Tp.HCM :ĐH QG Tp.HCM,2009",,2009.0,309 tr.,660.07,Đàm Sao Mai::contributor|Nguyễn Thị Trang::contributor|Hồ Thiên Hoàng::contributor|Lê Văn Nhất Hoài::contributor,Thực phẩm|Hóa sinh,book
https://thuvien.ntu.edu.vn/Opac/DmdInfo.aspx?mnuid=146&collection_id=14&material_type=2&dmd_id=235989,"Giáo trình Quản lý chất lượng và luật thực phẩm /Lê Nguyên Đoan Huy, Nguyễn Công Hà",,"Cần Thơ :Đại học Cần Thơ,2014",,2014.0,194 tr.,664.949,Lê Nguyên Đoan Huy::author|Nguyễn Công Hà::contributor,Thực phẩm- Quản lý chất lượng|Luật Thực phẩm,book
https://thuvien.ntu.edu.vn/Opac/DmdInfo.aspx?mnuid=146&collection_id=14&material_type=2&dmd_id=235673,Giáo trình giảng dạy bậc đại học: Hành vi người tiêu dùng - Định hướng ứng dụng /Hồ Huy Tựu,,"Hà Nội :Nxb. Kinh tế - Tài chính,2026",,2026.0,222 tr,658.834,Hồ Huy Tựu::author,Khách hàng - Nghiên cứu,book
https://thuvien.ntu.edu.vn/Opac/DmdInfo.aspx?mnuid=146&collection_id=14&material_type=2&dmd_id=231088,Miễn dịch học /Đại học Y Hà Nội,,Hà Nội :Nxb.Y học,,,216 tr,616.079,Đại học Y Hà Nội::contributor,Miễn dịch học,book
https://thuvien.ntu.edu.vn/Opac/DmdInfo.aspx?mnuid=146&collection_id=14&material_type=2&dmd_id=216068,Dinh dưỡng trong nuôi trồng thủy sản /Phạm Đức Hùng,,2024,,2024.0,775tr :Hình ảnh ;24cm,639.3,,Dinh dưỡng nuôi trồng thủy sản|Nuôi trồng thủy sản,book
https://thuvien.ntu.edu.vn/Opac/DmdInfo.aspx?mnuid=146&collection_id=14&material_type=2&dmd_id=215972,Phân tích tài chính doanh nghiệp /Võ Văn Cần,,2024,,2024.0,116tr :Bảng biểu ;21cm,658.15,Võ Văn Cần::author,Tài chính doanh nghiệp|Phân tích tài chính,book
https://thuvien.ntu.edu.vn/Opac/DmdInfo.aspx?mnuid=146&collection_id=14&material_type=2&dmd_id=215498,,,"Nha Trang :Đại học Nha Trang,2015",,2015.0,93 tr.,627.2,Hồ Đức Tuấn::author,Cảng biển- Khai thác|Cảng biển- Quản lý,book
https://thuvien.ntu.edu.vn/Opac/DmdInfo.aspx?mnuid=146&collection_id=14&material_type=2&dmd_id=215496,Cảng nội địa (Lưu hành nội bộ) /Bộ môn Khoa học Hàng hải,Inland Clearance Depot,"Nha Trang :Đại học Nha Trang,2024",,2024.0,98 tr.,627.0,Bộ môn Khoa học Hàng hải::contributor,Cảng chuyên dụng,book
https://thuvien.ntu.edu.vn/Opac/DmdInfo.aspx?mnuid=146&collection_id=14&material_type=2&dmd_id=215490,,,"Nha Trang :Đại học Nha Trang,2019",,2019.0,346tr : ;24 cm,387.0,Nguyễn Thái Vũ::author,Hàng hải- Đánh giá|Hàng hải- Kiểm tra,book
https://thuvien.ntu.edu.vn/Opac/DmdInfo.aspx?mnuid=146&collection_id=14&material_type=2&dmd_id=215483,Kế toán tài chính 3,,Nha Trang :Đại học Nha Trang,,,258 tr.,657.48,,Kế toán tài chính,book
https://thuvien.ntu.edu.vn/Opac/DmdInfo.aspx?mnuid=146&collection_id=14&material_type=2&dmd_id=215482,Giới thiệu hệ thống báo cáo tài chính /Võ Văn Cần,,2024,,2024.0,116tr :Bảng biểu ;21cm,657.3,Võ Văn Cần::author,Báo cáo tài chính,book
https://thuvien.ntu.edu.vn/Opac/DmdInfo.aspx?mnuid=146&collection_id=14&material_type=2&dmd_id=215464,Bài giảng Thiết bị tàu thủy :Lưu hành nội bộ /Nguyễn Thái Vũ,,"Nha Trang :Đại học Nha Trang,2018",,2018.0,148 tr.,623.86,Nguyễn Thái Vũ::author,Tàu thủy|Tàu thủy- Thiết bị,book
https://thuvien.ntu.edu.vn/Opac/DmdInfo.aspx?mnuid=146&collection_id=14&material_type=2&dmd_id=215314,Ươm giống và Trồng thương phẩm rong biển /Lê Anh Tuấn,,2024,,2024.0,43tr :Hình ảnh ;21cm,639.8,Lê Anh Tuấn::author,Nuôi thương phẩm rong biển|Ươm giống rong biển|Rong biển,book
https://thuvien.ntu.edu.vn/Opac/DmdInfo.aspx?mnuid=146&collection_id=14&material_type=2&dmd_id=215292,Kỹ thuật Sản xuất giống và trồng Rong biển :Bài giảng dành cho sinh viên các lớp Nuôi trồng thủy sản /Lê Anh Tuấn,,2024,,2024.0,317tr :Hình ảnh ;21cm,639.8,Lê Anh Tuấn::author,Sản xuất giống rong biển|Trồng rong biển|Rong biển,book
https://thuvien.ntu.edu.vn/Opac/DmdInfo.aspx?mnuid=146&collection_id=14&material_type=2&dmd_id=215261,Quy hoạch và Phát triển Thủy sản /Lê Anh Tuấn,,2024,,2024.0,210tr :Hình ảnh ;21cm,639.8,Lê Anh Tuấn::author,Quy hoạch nuôi trồng thủy sản|Nuôi trồng thủy sản|Phát triển nuôi trồng thủy sản,book
https://thuvien.ntu.edu.vn/Opac/DmdInfo.aspx?mnuid=146&collection_id=14&material_type=2&dmd_id=215249,Chuẩn mực báo cáo tài chính quốc tế,,Nha Trang :Đại học Nha Trang,,,117 tr.,657.3,,Báo cáo tài chính,book
https://thuvien.ntu.edu.vn/Opac/DmdInfo.aspx?mnuid=146&collection_id=14&material_type=2&dmd_id=215242,Lập và phân tích báo cáo tài chính theo IFRS,,Nha Trang :Đại học Nha Trang,,,120 tr.,657.3,,Báo cáo tài chính,book
https://thuvien.ntu.edu.vn/Opac/DmdInfo.aspx?mnuid=146&collection_id=14&material_type=2&dmd_id=215228,Kỹ thuật nuôi trồng thủy sản /Trần Văn Dũng,,2023,,2023.0,305tr :Hình ảnh ;21cm,639.8,Trần Văn Dũng::author,Nuôi trồng thủy sản,book
https://thuvien.ntu.edu.vn/Opac/DmdInfo.aspx?mnuid=146&collection_id=14&material_type=2&dmd_id=215225,Kiểm tra vật liệu và NDT /Huỳnh Văn Vũ,,"Nha Trang :Đại học Nha Trang,2024",,2024.0,40 tr. :24 cm,621.0,Huỳnh Văn Vũ::author,Vật liệu,book
https://thuvien.ntu.edu.vn/Opac/DmdInfo.aspx?mnuid=146&collection_id=14&material_type=2&dmd_id=215224,Phương pháp nghiên cứu khoa học /Huỳnh Văn Vũ,,"Nha Trang :Đại học Nha trang,2024",,2024.0,271 tr.,1.42,Huỳnh Văn Vũ::author,Khoa học- Phương pháp nghiên cứu,book
https://thuvien.ntu.edu.vn/Opac/DmdInfo.aspx?mnuid=146&collection_id=14&material_type=2&dmd_id=215222,Kỹ thuật Hàn tàu thủy. Phần 2 /Huỳnh Văn Vũ,,"Nha Trang :Đại học Nha Trang,2009",,2009.0,100 tr. :24 cm,621.0,Huỳnh Văn Vũ::author,Đóng tàu,book
https://thuvien.ntu.edu.vn/Opac/DmdInfo.aspx?mnuid=146&collection_id=14&material_type=2&dmd_id=215216,Quy hoạch và quản lý nuôi trồng thủy sản /Lê Anh Tuấn,,2024,,2024.0,193tr :Hình ảnh ;21cm,639.8,Lê Anh Tuấn::author,Quản lý nuôi trồng thủy sản|Quy hoạch nuôi trồng thủy sản|Nuôi trồng thủy sản,book
https://thuvien.ntu.edu.vn/Opac/DmdInfo.aspx?mnuid=146&collection_id=14&material_type=2&dmd_id=215203,"Tổng hợp văn bản pháp luật năm 2023 :Học phần Luật kinh doanh /Hoàng Thu Thuỷ, Nguyễn Thị Hà Trang",,2023,,2023.0,482tr ;21cm,340.02,Hoàng Thu Thuỷ::author|Nguyễn Thị Hà Trang::contributor,Văn bản pháp luật,book
https://thuvien.ntu.edu.vn/Opac/DmdInfo.aspx?mnuid=146&collection_id=14&material_type=2&dmd_id=215082,"Thực hành thực vật và động vật phù du /Trương Thị Bích Hồng (chủ biên), Nguyễn Thị Thúy, Trần Thị Lê Trang",,"Đại học Nha Trang,2024",,2024.0,83tr :Hình ảnh ;24cm,578.76,Trương Thị Bích Hồng::author|Nguyễn Thị Thúy::contributor|Trần Thị Lê Trang::contributor,Động vật phù du- Thủy sinh học|Thực vật phù du- Thủy sinh học,book
https://thuvien.ntu.edu.vn/Opac/DmdInfo.aspx?mnuid=146&collection_id=14&material_type=2&dmd_id=214988,Hình thái phân loại giáp xác và động vật thân mềm /Vũ Trọng Đại,,"Đại học Nha Trang,2024",,2024.0,497tr :Hình ảnh,594.0,Vũ Trọng Đại::author,Động vật giáp xác- Bài giảng|Động vật thân mềm- Bài giảng,book
https://thuvien.ntu.edu.vn/Opac/DmdInfo.aspx?mnuid=146&collection_id=14&material_type=2&dmd_id=214975,Bài giảng Nhiên liệu và môi chất chuyên dùng - Dùng cho động cơ đốt trong :(Bài giảng dùng cho học viên ngành động lực Đại học Nha Trang) - Lưu hành nội bộ /Hồ Đức Tuấn,,"Nha Trang :Đại học Nha Trang,2020",,2020.0,127 tr.,621.43,Hồ Đức Tuấn::author,Động cơ đốt trong- Môi chất|Động cơ đốt trong- Nhiên liệu,book
https://thuvien.ntu.edu.vn/Opac/DmdInfo.aspx?mnuid=146&collection_id=14&material_type=2&dmd_id=214974,Bài giảng Đại lý tàu biển và giao nhận hàng hóa :Lưu hành nội bộ /Hồ Đức Tuấn,,"Nha Trang :Đại học Nha Trang,2016",,2016.0,100 tr.,387.0,Hồ Đức Tuấn::author,Càng- Hàng hóa|Đại lý tàu biển,book
https://thuvien.ntu.edu.vn/Opac/DmdInfo.aspx?mnuid=146&collection_id=14&material_type=2&dmd_id=214955,"Bài giảng Bảo vệ môi trường biển - Vấn đề và giải pháp :Chương 9, Chương 10 /Hồ Đức Tuấn",,"Nha Trang :Đại học Nha Trang,2024",,2024.0,7 tr.,363.739,Hồ Đức Tuấn::author,Biển- Môi trường|Môi trường biển- Bảo vệ,book
https://thuvien.ntu.edu.vn/Opac/DmdInfo.aspx?mnuid=146&collection_id=14&material_type=2&dmd_id=214922,"English for Engineering. Book 2 :Marine diesel and auxiliary engines /Hồ Đức Tuấn, Huỳnh Văn Vũ",,"Nha Trang :Đại học Nha Trang,2021",,2021.0,128 tr.,623.87,Hồ Đức Tuấn::author|Huỳnh Văn Vũ::contributor,Engineering- English|Hàng hài- Động cơ,book
https://thuvien.ntu.edu.vn/Opac/DmdInfo.aspx?mnuid=146&collection_id=14&material_type=2&dmd_id=214910,"Bài giảng Máy và thiết bị nâng hạ tàu thủy :(Lưu hành nội bộ) /Nguyễn Thái Vũ, Hồ Đức Tuấn",,"Nha Trang :Đại học Nha Trang,2024",,2024.0,190 tr.,623.86,Nguyễn Thái Vũ::author|Hồ Đức Tuấn::contributor,Tàu thủy- Máy|Tàu thủy- Thiết bị,book
https://thuvien.ntu.edu.vn/Opac/DmdInfo.aspx?mnuid=146&collection_id=14&material_type=2&dmd_id=214907,Nhập môn ngành cơ điện tử /Nguyễn Văn Định,,"Đại học Nha Trang,2024",,2024.0,160tr :Hình ảnh,629.89,Nguyễn Văn Định::author,Cơ điện tử- Bài giảng,book
https://thuvien.ntu.edu.vn/Opac/DmdInfo.aspx?mnuid=146&collection_id=14&material_type=2&dmd_id=214896,Bài giảng Động cơ đốt trong /Hồ Đức Tuấn,,"Nha Trang :Đại học Nha Trang,2023",,2023.0,259 tr.,621.43,Hồ Đức Tuấn::author,Động cơ đốt trong,book
https://thuvien.ntu.edu.vn/Opac/DmdInfo.aspx?mnuid=146&collection_id=14&material_type=2&dmd_id=214895,Kỹ thuật thi công và lắp đặt hệ thống lạnh và điều hòa không khí /Nguyễn Đình Khương,,"Đại học Nha Trang,2024",,2024.0,627tr :Hình ảnh,697.9,Nguyễn Đình Khương::author,Hệ thống điều hòa không khí|Thiết bị lạnh,book
https://thuvien.ntu.edu.vn/Opac/DmdInfo.aspx?mnuid=146&collection_id=14&material_type=2&dmd_id=214888,Maritime English /Hồ Đức Tuấn (chủ biên) và những người khác,English - Maritime,"Nha Trang :Đại học Nha Trang,2024",,2024.0,153 tr.,623.803,Hồ Đức Tuấn::author|Lê Cao Hoàng Hà::contributor|Lê Thị Thu Nga::contributor|Phạm Thị Hải Trang::contributor,Hàng hải - Tiếng Anh,book
https://thuvien.ntu.edu.vn/Opac/DmdInfo.aspx?mnuid=146&collection_id=14&material_type=2&dmd_id=214879,Quản lý khai thác cảng /Hồ Đức Tuấn,,"Nha Trang :Đại học Nha Trang,2023",,2023.0,121 tr. ;,627.2,Hồ Đức Tuấn::author,Cảng biển- Khai thác|Cảng biển- Quản lý,book
https://thuvien.ntu.edu.vn/Opac/DmdInfo.aspx?mnuid=146&collection_id=14&material_type=2&dmd_id=214732,Giáo trình Công nghệ đóng sửa tàu phi kim loại /Phạm Thanh Nhựt,,"Hà Nội :Nông nghiệp,2022",,2022.0,179 tr. :Minh họa ;27 cm,623.82,Phạm Thanh Nhựt::author,Tàu phi kim loại- Công nghệ đóng sửa,book
https://thuvien.ntu.edu.vn/Opac/DmdInfo.aspx?mnuid=146&collection_id=14&material_type=2&dmd_id=214728,Phương pháp nghiên cứu khoa học trong nuôi trồng thủy sản /Lê Minh Hoàng,Scientific Research Methodology in Aquaculture,"Nha Trang :Đại học Nha Trang,2024",,2024.0,146 tr. ;,639.0,Lê Minh Hoàng::author,Nuôi trồng thủy sản- Nghiên cứu|Phương pháp nghiên cứu,book
https://thuvien.ntu.edu.vn/Opac/DmdInfo.aspx?mnuid=146&collection_id=14&material_type=2&dmd_id=214727,Hướng dẫn bài tập chuyên ngành Kỹ thuật tàu thủy /Phạm Thanh Nhựt,,"Hà Nội :Nông nghiệp,2021",,2021.0,204 tr. :Minh họa ;27 cm,623.8,Phạm Thanh Nhựt::author,Kỹ thuật tàu thủy,book
https://thuvien.ntu.edu.vn/Opac/DmdInfo.aspx?mnuid=146&collection_id=14&material_type=2&dmd_id=214294,Lý thuyết tài chính - tiền tệ /Võ Văn Cần (chủ biên) và tập thể bộ môn Tài chính - Ngân hàng,,"Hà Nội :Lao Động,2022",,2022.0,287 tr. :bảng biểu ;24 cm,332.01,Võ Văn Cần::contributor|Nguyễn Hữu Mạnh::contributor|Chu Thị Lê Dung::contributor,Tài chính- Tiền tệ,book
https://thuvien.ntu.edu.vn/Opac/DmdInfo.aspx?mnuid=146&collection_id=14&material_type=2&dmd_id=210368,Bài giảng pháp luật về hàng hải :Phần II /Bộ môn hàng hải,,"Khánh Hòa :Đại học Nha Trang,2018",,2018.0,61 tr.,341.45,Bộ môn hàng hải::author,Pháp luật hàng hải,book
https://thuvien.ntu.edu.vn/Opac/DmdInfo.aspx?mnuid=146&collection_id=14&material_type=2&dmd_id=210353,Bài giảng pháp luật hàng hải :Phần I /Bộ môn hàng hải,,"Khánh Hòa :Đại học Nha Trang,2019",,2019.0,61 tr.,341.45,Bộ môn hàng hải::author,Pháp luật hàng hải,book
https://thuvien.ntu.edu.vn/Opac/DmdInfo.aspx?mnuid=146&collection_id=14&material_type=2&dmd_id=210337,Bài giảng an toàn cho người và tàu cá /Nguyễn Đức Sĩ,,"Khánh Hòa :Đại học Nha Trang,2018",,2018.0,129 tr.,363.1,Nguyễn Đức Sĩ::author,An toàn lao động,book
https://thuvien.ntu.edu.vn/Opac/DmdInfo.aspx?mnuid=146&collection_id=14&material_type=2&dmd_id=210315,"Bài giảng nghiệp vụ thuyền viên /Trần Đức Phú, Vũ Như Tân",,"Khánh Hòa :Đại học Nha Trang,2023",,2023.0,77 tr.,623.88,Trần Đức Phú::author|Vũ Như Tân::contributor,Nghiệp vụ thuyền viên,book
https://thuvien.ntu.edu.vn/Opac/DmdInfo.aspx?mnuid=146&collection_id=14&material_type=2&dmd_id=206265,Kiểm tra khuyết tật kết cấu bê tông bằng phương pháp nhiệt hồng ngoại :Sách chuyên khảo /Trần Quang Huy,Infrared thermography in detecting deteriorations in concrete structures,"Hà Nội :Khoa học và Kỹ thuật,2022",,2022.0,156 tr. ;30 cm,624.1834,Trần Quang Huy::author,Kỹ thuật xây dựng|Kết cấu bê tông,book
https://thuvien.ntu.edu.vn/Opac/DmdInfo.aspx?mnuid=146&collection_id=14&material_type=2&dmd_id=206263,Ứng dụng VISSIM trong mô hình dòng giao thông /Trần Quang Duy (Chủ biên) và các tác giả khác,,"H. :Khoa học và Kỹ thuật,2024",,2024.0,91 tr. ;27 cm,629.049,Trần Quang Duy::contributor|Nguyễn Thắng Xiêm::contributor|Lê Quốc Thái::contributor|Bạch Văn Sỹ::contributor|Phạm Bá Linh::contributor,Giao thông đô thị|Phần mềm VISSIM- Ứng dụng,book
https://thuvien.ntu.edu.vn/Opac/DmdInfo.aspx?mnuid=146&collection_id=14&material_type=2&dmd_id=206255,"Thiết kế công trình kháng chấn bằng phương pháp phổ phản ứng dao động /Trần Quang Huy (chủ biên), Đặng Quốc Mỹ, Lê Thanh Cao",,"H. :Khoa học và Kỹ Thuật,2021",,2021.0,133 tr. ;27 cm,624.1762,Trần Quang Huy::author|Đặng Quốc Mỹ::contributor|Lê Thanh Cao::contributor,Công trình chống động đất,book
https://thuvien.ntu.edu.vn/Opac/DmdInfo.aspx?mnuid=146&collection_id=14&material_type=2&dmd_id=204289,Marketing dịch vụ công /Nguyễn Hoài Long,,"Hà Nội :Đại học Kinh tế quốc dân,",,,102 tr. ;,658.0,Nguyễn Hoài Long::author,Marketing dịch vụ công|Quản lý dịch vụ công,book
https://thuvien.ntu.edu.vn/Opac/DmdInfo.aspx?mnuid=146&collection_id=14&material_type=2&dmd_id=203082,"Destination management/ Nguyen Thanh Quang, Le Chi Cong",,"Nha Trang :Đại học Nha Trang,2023",,2023.0,108 p.,910.0,Nguyen Thanh Quang::author|Le Chi Cong::contributor|Lê Chí Công (cx)::contributor|Nguyễn Thanh Quảng (cx)::contributor,Destination management,book
https://thuvien.ntu.edu.vn/Opac/DmdInfo.aspx?mnuid=146&collection_id=14&material_type=2&dmd_id=201996,Quản trị kinh doanh lữ hành,,"Nha Trang :Đại học Nha Trang,",,,168 tr.,658.0,,Quản trị kinh doanh|Du lịch- Quản lý,book
https://thuvien.ntu.edu.vn/Opac/DmdInfo.aspx?mnuid=146&collection_id=14&material_type=2&dmd_id=201966,Luật du lịch Việt Nam và Quốc tế /Bộ môn Quản trị du lịch Dịch vụ và Lữ hành,,Nha Trang :Đại học Nha Trang,,,367 tr. ;,343.09,Bộ môn Quản trị du lịch Dịch vụ và Lữ hành::author,Du lịch - Luật,book
https://thuvien.ntu.edu.vn/Opac/DmdInfo.aspx?mnuid=146&collection_id=16&material_type=2&dmd_id=239579,Phân tích mức độ sẵn sàng chuyển đổi số của doanh nghiệp nhỏ và vừa trên địa bàn tỉnh Khánh Hòa /Nguyễn Toàn Dũng; Nguyễn Văn Ngọc: GVHD,,"Khánh Hòa :Đại học Nha Trang,2025",,2025.0,77 tr. ;27 cm,658.4062,Nguyễn Toàn Dũng::author|Nguyễn Văn Ngọc::supervisor,Chuyển đổi số|Doanh nghiệp vừa và nhỏ,thesis
https://thuvien.ntu.edu.vn/Opac/DmdInfo.aspx?mnuid=146&collection_id=16&material_type=2&dmd_id=239387,Nâng cao chất lượng dịch vụ cấp giấy phép sử dụng tần số và thiết bị vô tuyến điện tại Trung tâm Tần số vô tuyến điện khu vực VII – Cục Tần số vô tuyến điện /Nguyễn Tuấn Ngọc; Nguyễn Thị Nga: GVHD,,"Khánh Hòa :Đại học Nha Trang,2025",,2025.0,69 tr. :bảng biểu ;27 cm,354.49,Nguyễn Tuấn Ngọc::author|Nguyễn Thị Nga::supervisor,Hành chính công- Chất lượng,thesis
https://thuvien.ntu.edu.vn/Opac/DmdInfo.aspx?mnuid=146&collection_id=16&material_type=2&dmd_id=239385,"Đánh giá dự án phát triển sản xuất nông, lâm nghiệp bền vững, phát huy tiềm năng, thế mạnh của các vùng miền để sản xuất hàng hóa theo chuỗi giá trị tại xã Ba Cụm Bắc, huyện Khánh Sơn, tỉnh Khánh Hòa /Nguyễn Thị My; Phạm Thành Thái: GVHD",,"Khánh Hòa :Đại học Nha Trang,2025",,2025.0,66 tr. ;27 cm,338.1,Nguyễn Thị My::author|Phạm Thành Thái::supervisor,Lâm nghiệp|Nông nghiệp|Sản xuất hàng hóa,thesis
https://thuvien.ntu.edu.vn/Opac/DmdInfo.aspx?mnuid=146&collection_id=16&material_type=2&dmd_id=239384,"Các nhân tố ảnh hưởng đến khả năng chuyển đổi số của doanh nghiệp vừa và nhỏ trên địa bàn thành phố Nha Trang, tỉnh Khánh Hòa /Mai Văn Vương; Phạm Thành Thái: GVHD",,"Khánh Hòa :Đại học Nha Trang,2025",,2025.0,65 tr. ;27 cm,658.4062,Mai Văn Vương::author|Phạm Thành Thái::supervisor,Chuyển đổi số|Doanh nghiệp vừa và nhỏ,thesis
https://thuvien.ntu.edu.vn/Opac/DmdInfo.aspx?mnuid=146&collection_id=16&material_type=2&dmd_id=239274,Đánh giá ảnh hưởng của sinh khối nấm men Saccharomyces cerevisiae trong dịch thủy phân rong sụn Kappaphycus alvarezii đến giai đoạn nuôi lưu hàu Thái Bình Dương /Nguyễn Thị Hà Trang; Phạm Thị Minh Hải: GVHD,,"Khánh Hòa :Đại học Nha Trang,2025",,2025.0,"61 tr. :biểu đồ, ảnh màu ;27 cm",660.6,Nguyễn Thị Hà Trang::author|Phạm Thị Minh Hải::supervisor,Công nghệ sinh học|Hàu- Kỹ thuật nuôi,thesis
https://thuvien.ntu.edu.vn/Opac/DmdInfo.aspx?mnuid=146&collection_id=16&material_type=2&dmd_id=239273,"Phân lập, tuyển chọn chủng Parvovirus tiềm năng cho sản xuất vắc xin phòng bệnh khô thai trên lợn /Trịnh Thị Thu Hằng; Vũ Khắc Hùng, Nguyễn Văn Duy: GVHD",,"Khánh Hòa :Đại học Nha Trang,2025",,2025.0,114 tr. :minh họa ;27 cm,615.372,Trịnh Thị Thu Hằng::author|Vũ Khắc Hùng::supervisor|Nguyễn Văn Duy::supervisor,Vắc xin- Công nghệ sản xuất,thesis
https://thuvien.ntu.edu.vn/Opac/DmdInfo.aspx?mnuid=146&collection_id=16&material_type=2&dmd_id=239272,Đánh giá thực trạng và xây dựng giải pháp kiểm soát vi sinh vật gây bệnh tại các cơ sở sản xuất nước đá dùng liền tỉnh Khánh Hòa /Nguyễn Thị Lài; Lê Phương Chung: GVHD,,"Khánh Hòa :Đại học Nha Trang,2025",,2025.0,"59 tr. :biểu đồ, ảnh màu ;27 cm",664.07,Nguyễn Thị Lài::author|Lê Phương Chung::supervisor,An toàn thực phẩm,thesis
https://thuvien.ntu.edu.vn/Opac/DmdInfo.aspx?mnuid=146&collection_id=16&material_type=2&dmd_id=239271,"Nghiên cứu ảnh hưởng của phương pháp dẫn truyền vaccine SiV lên khả năng kháng vi khuẩn Streptococcus iniae ở cá chẽm (Lates calcarifer Bloch, 1790) /Nguyễn Đức Toàn; Nguyễn Thị Thanh Thùy, Trần Vĩ Hích: GVHD",,"Khánh Hòa :Đại học Nha Trang,2025",,2025.0,56 tr. :hình ảnh ;27 cm,639.964,Nguyễn Đức Toàn::author|Trần Vĩ Hích::supervisor|Nguyễn Thị Thanh Thùy::supervisor,Cá- Bệnh,thesis
https://thuvien.ntu.edu.vn/Opac/DmdInfo.aspx?mnuid=146&collection_id=16&material_type=2&dmd_id=239270,"Nghiên cứu lựa chọn và ứng dụng một số chủng vi tảo trong sản xuất giống tôm he (Penaeus) tại Việt Nam /Mai Đức Thao; Phạm Quốc Hùng, Kim Jye Lee Chang: GVHD",,"Khánh Hòa :Đại học Nha Trang,2025",,2025.0,153 tr. :Minh họa ;27 cm,631.585,Mai Đức Thao::author|Phạm Quốc Hùng::supervisor|Kim Jye Lee Chang::supervisor,Tôm he- Kỹ thuật nuôi|Tảo- Kỹ thuật trồng,thesis
https://thuvien.ntu.edu.vn/Opac/DmdInfo.aspx?mnuid=146&collection_id=16&material_type=2&dmd_id=239131,"Các nhân tố ảnh hưởng đến thu nhập của nông hộ trồng cà phê tại huyện M'Drắk, tỉnh Đắk Lắk /Vũ Tấn Kiệt; Trương Ngọc Phong: GVHD",,"Khánh Hòa :Đại học Nha Trang,2025",,2025.0,63 tr. ;27 cm,338.1,Vũ Tấn Kiệt::author|Trương Ngọc Phong::supervisor,Nông nghiệp- Chính sách|Nông nghiệp- Hiệu quả,thesis
https://thuvien.ntu.edu.vn/Opac/DmdInfo.aspx?mnuid=146&collection_id=16&material_type=2&dmd_id=239130,"Hoàn thiện công tác quản lý thuế thu nhập doanh nghiệp tại Chi cục thuế thành phố Nha Trang, tỉnh Khánh Hòa /Lê Thị Thúy Lan; Lê Kim Long: GVHD",,"Nha Trang :Đại học Nha Trang,2025",,2025.0,108 tr. ;27 cm,336.2,Lê Thị Thúy Lan::author|Lê Kim Long::supervisor,Thuế- Quản lý|Thuế thu nhập doanh nghiệp,thesis
https://thuvien.ntu.edu.vn/Opac/DmdInfo.aspx?mnuid=146&collection_id=16&material_type=2&dmd_id=239129,Các nhân tố ảnh hưởng đến sự tuân thủ thuế của các doanh nghiệp có vốn đầu tư nước ngoài tại địa bàn tỉnh Khánh Hòa /Bùi Đình Khánh; Hồ Huy Tựu: GVHD,,"Nha Trang :Đại học Nha Trang,2025",,2025.0,108 tr. ;27 cm,336.2,Bùi Đình Khánh::author|Hồ Huy Tựu::supervisor,Thuế- Quản lý,thesis
https://thuvien.ntu.edu.vn/Opac/DmdInfo.aspx?mnuid=146&collection_id=16&material_type=2&dmd_id=239128,Hoàn thiện công tác quản lý thuế đối với hộ kinh doanh tại Chi cục Thuế khu vực nam Khánh Hòa /Trần Thị Mai; Phạm Thế Anh: GVHD,,"Nha Trang :Đại học Nha Trang,2025",,2025.0,82 tr. ;27 cm,336.2,Trần Thị Mai::author|Phạm Thế Anh::supervisor,Thuế- Quản lý|Thuế doanh nghiệp,thesis
https://thuvien.ntu.edu.vn/Opac/DmdInfo.aspx?mnuid=146&collection_id=16&material_type=2&dmd_id=239119,"Nâng cao chất lượng đội ngũ cán bộ, công chức tại Sở Văn hóa, Thể thao và Du lịch tỉnh Phú Yên /Đoàn Thị Tô Huỳnh; Bùi Bích Xuân: GVHD",,"Nha Trang :Đại học Nha Trang,2025",,2025.0,"70 tr. :bảng, biểu đồ ;27 cm",352.6,Đoàn Thị Tô Huỳnh::author|Bùi Bích Xuân::supervisor,Quản trị nhân sự|Hành chính công,thesis
https://thuvien.ntu.edu.vn/Opac/DmdInfo.aspx?mnuid=146&collection_id=16&material_type=2&dmd_id=239103,"Phát triển sinh kế bền vững cho hộ đồng bào dân tộc thiểu số tại huyện Khánh Vĩnh, tỉnh Khánh Hòa /Cao Thị Ngọc Thanh; Nguyễn Văn Ngọc: GVHD",,"Nha Trang :Đại học Nha Trang,2025",,2025.0,98 tr. ;27 cm,338.9,Cao Thị Ngọc Thanh::author|Nguyễn Văn Ngọc::supervisor,Lao động- Kinh tế xã hội,thesis
https://thuvien.ntu.edu.vn/Opac/DmdInfo.aspx?mnuid=146&collection_id=16&material_type=2&dmd_id=238960,"Nghiên cứu khả năng sử dụng hai loài vi tảo Thalassiosira weissflogii và Chaetoceros muelleri trong ương nuôi ấu trùng tôm sú (Penaeus monodon Fabricius, 1798) /Đặng Lê Phương Vy; Lục Minh Diệp: GVHD",,"Khánh Hòa :Đại học Nha Trang,2025",,2025.0,67 tr. :Minh họa ;27 cm,631.585,Đặng Lê Phương Vy::author|Lục Minh Diệp::supervisor,Tôm sú- Thức ăn|Tảo- Kỹ thuật trồng,thesis
https://thuvien.ntu.edu.vn/Opac/DmdInfo.aspx?mnuid=146&collection_id=16&material_type=2&dmd_id=238915,"Nghiên cứu một số đặc tính sinh học của chủng vi khuẩn Riemerella anatipestifer định hướng sản xuất vắc xin phòng bệnh nhiễm trùng huyết ở vịt /Tăng Mạnh Nhật; Lê Phương Chung, Lê Đình Hải: GVHD",,"Khánh Hòa :Đại học Nha Trang,2025",,2025.0,48 tr. :Minh họa ;27 cm,660.62,Tăng Mạnh Nhật::author|Lê Phương Chung::supervisor|Lê Đình Hải::supervisor,Công nghệ sinh học|Vi khuẩn- Đặc tính sinh học,thesis
https://thuvien.ntu.edu.vn/Opac/DmdInfo.aspx?mnuid=146&collection_id=16&material_type=2&dmd_id=238873,"Các nhân tố ảnh hưởng đến hành vi phân loại rác tại nguồn của người dân trên địa bàn thành phố Cam Ranh, tỉnh Khánh Hòa /Phạm Thị Hồng Lệ; Phạm Thành Thái: GVHD",,"Khánh Hòa :Đại học Nha Trang,2025",,2025.0,75 tr. ;27 cm,363.70524,Phạm Thị Hồng Lệ::author|Phạm Thành Thái::supervisor,"Môi trường- Hoạt động xã hội|Môi trường, Ảnh hưởng của con người đối với",thesis
https://thuvien.ntu.edu.vn/Opac/DmdInfo.aspx?mnuid=146&collection_id=16&material_type=2&dmd_id=238850,Tác động của giáo dục và đào tạo nghề đến khả năng tìm việc của lao động trẻ tại tỉnh Khánh Hòa /Lý Phương Tài; Phạm Thành Thái: GVHD,,"Khánh Hòa :Đại học Nha Trang,2025",,2025.0,86 tr. ;27 cm,331.259,Lý Phương Tài::author|Phạm Thành Thái::supervisor,Lao động- Kinh tế xã hội,thesis
https://thuvien.ntu.edu.vn/Opac/DmdInfo.aspx?mnuid=146&collection_id=16&material_type=2&dmd_id=238838,Dự đoán liên kết về học thuật dựa trên ontology /Thịnh Thị Thúy; Phạm Thị Thu Thúy: GVHD,,"Khánh Hòa :Đại học Nha Trang,2025",,2025.0,65 tr. :Minh họa ;27 cm,6.3,Thịnh Thị Thúy::author|Phạm Thị Thu Thúy::supervisor,Ontology (Truy xuất thông tin)|Tổ chức dữ liệu- Mô hình,thesis
https://thuvien.ntu.edu.vn/Opac/DmdInfo.aspx?mnuid=146&collection_id=16&material_type=2&dmd_id=238831,"Đa dạng thành phần loài và mối quan hệ tiến hóa của giáp xác ký sinh trên vật chủ cua bơi Thalamita crenata Rüppell, 1830 tại vịnh Nha Trang, Khánh Hòa /Nguyễn Phương Liên; Đặng Thúy Bình, Nguyễn Thị Hải Thanh: GVHD",,"Khánh Hòa :Đại học Nha Trang,2025",,2025.0,66 tr. :Minh họa ;27 cm,595.3,Nguyễn Phương Liên::author|Đặng Thúy Bình::supervisor|Nguyễn Thị Hải Thanh::supervisor,Cua- Đặc điểm sinh học,thesis
https://thuvien.ntu.edu.vn/Opac/DmdInfo.aspx?mnuid=146&collection_id=16&material_type=2&dmd_id=238799,"Nghiên cứu sự biến đổi chất lượng của phi lê cá chim vây vàng trong quá trình bảo quản đông /Nguyễn Hồng Duyên; Mai Thị Tuyết Nga, Huỳnh Thị Ái Vân: GVHD",,"Khánh Hòa :Đại học Nha Trang,2025",,2025.0,85 tr. ;27 cm,664.945,Nguyễn Hồng Duyên::author|Mai Thị Tuyết Nga::supervisor|Huỳnh Thị Ái Vân::supervisor,Cá chim vây vàng- Chất lượng|Cá- Bảo quản,thesis
https://thuvien.ntu.edu.vn/Opac/DmdInfo.aspx?mnuid=146&collection_id=16&material_type=2&dmd_id=238776,"Mô hình toán quá trình truyền nhiệt, truyền chất trong sấy cá đù fillet bằng bức xạ hồng ngoại kết hợp năng lượng mặt trời gián tiếp /Trần Đình Khoa; Lê Như Chính, Khổng Trung Thắng: GVHD",,"Khánh Hòa :Đại học Nha Trang,2025",,2025.0,89 tr. :Minh họa ;27 cm,621.4025,Trần Đình Khoa::author|Lê Như Chính::supervisor|Khổng Trung Thắng::supervisor,Sấy- Hệ thống,thesis
https://thuvien.ntu.edu.vn/Opac/DmdInfo.aspx?mnuid=146&collection_id=16&material_type=2&dmd_id=238773,"Tối ưu hóa điều kiện dinh dưỡng bổ sung đến hai loài tảo Thalassiosira weissflogii Fryxell & Hasle, 1977, Tetraselmis chuii Butcher, 1959 và sử dụng kết hợp làm thức ăn cho ấu trùng tôm thẻ chân trắng (Penaeus vannamei Boone,1931) /Lương Thị Thu Thanh; Lục Minh Diệp: GVHD",,"Khánh Hòa :Đại học Nha Trang,2025",,2025.0,55 tr. :Minh họa ;27 cm,631.585,Lương Thị Thu Thanh::author|Lục Minh Diệp::supervisor,Tôm thẻ chân trắng- Kỹ thuật nuôi|Tảo- Kỹ thuật trồng|Tôm- Thức ăn,thesis
https://thuvien.ntu.edu.vn/Opac/DmdInfo.aspx?mnuid=146&collection_id=16&material_type=2&dmd_id=238772,Nghiên cứu bảo quản tinh trùng cá tầm Nga (Acipenser gueldenstaedtii) và cá tầm Xiberi (A. baerii) nuôi tại Lâm Đồng /Hồ Thanh Tuyền; Lương Công Trung: GVHD,,"Khánh Hòa :Đại học Nha Trang,2025",,2025.0,61 tr. :Minh họa ;27 cm,597.4,Hồ Thanh Tuyền::author|Lương Công Trung::supervisor,Cá tầm- Bảo quản|Cá tầm- Giống,thesis
https://thuvien.ntu.edu.vn/Opac/DmdInfo.aspx?mnuid=146&collection_id=16&material_type=2&dmd_id=238771,"Ảnh hưởng của màu bể và Astaxanthin bổ sung lên sinh trưởng của cá tai bồ (Platax teira Forsskal, 1775) giai đoạn giống /Nguyễn Hữu Khang; Nguyễn Văn Minh: GVHD",,"Khánh Hòa :Đại học Nha Trang,2025",,2025.0,47 tr. :Minh họa ;27 cm,639.32,Nguyễn Hữu Khang::author|Nguyễn Văn Minh::supervisor,Cá tai bồ- Kỹ thuật nuôi,thesis
https://thuvien.ntu.edu.vn/Opac/DmdInfo.aspx?mnuid=146&collection_id=16&material_type=2&dmd_id=238765,Chất lượng tinh trùng của cá tầm Nga (Acipenser gueldenstaedtii) và cá tầm Xiberi (Acipenser baerii):Đặc tính lý hóa và ảnh hưởng của một số yếu tố sinh thái /Châu Bích Liên; Trần Văn Phước: GVHD,,"Khánh Hòa :Đại học Nha Trang,2025",,2025.0,87 tr. :Minh họa ;27 cm,597.4,Châu Bích Liên::author|Trần Văn Phước::supervisor,Cá tầm- Đặc điểm sinh học|Cá tầm- Giống,thesis
https://thuvien.ntu.edu.vn/Opac/DmdInfo.aspx?mnuid=146&collection_id=16&material_type=2&dmd_id=238760,"Đánh giá hiệu quả sử dụng thiết bị giám sát hành trình Vifish.18 trên tàu cá tỉnh Khánh Hòa /Phạm Mai Phước; Trần Trọng Đạo, Tô Văn Phương: GVHD",,"Khánh Hòa :Đại học Nha Trang,2025",,2025.0,64 tr. :Minh họa ;27 cm,639.22,Phạm Mai Phước::author|Trần Trọng Đạo::supervisor|Tô Văn Phương::supervisor,Nghề cá- Quản lý|Đánh cá- Kỹ thuật,thesis
https://thuvien.ntu.edu.vn/Opac/DmdInfo.aspx?mnuid=146&collection_id=16&material_type=2&dmd_id=238751,"Đề xuất mô hình quản lý giao thông thông minh tại thành phố Nha Trang, tỉnh Khánh Hòa /Cao Như Ý; Nguyễn Văn Ngọc: GVHD",,"Khánh Hòa :Đại học Nha Trang,2025",,2025.0,74 tr. ;24 cm,388.411,Cao Như Ý::author|Nguyễn Văn Ngọc::supervisor,Giao thông đô thị- Quản lý|Giao thông thông minh,thesis
https://thuvien.ntu.edu.vn/Opac/DmdInfo.aspx?mnuid=146&collection_id=16&material_type=2&dmd_id=238749,Số hóa bảng từ hình ảnh bằng thị giác máy tính /Lê Hoàn Chân; Nguyễn Khắc Cường: GVHD,,"Khánh Hòa :Đại học Nha Trang,2025",,2025.0,74 tr. :Minh họa ;27 cm,6.37,Lê Hoàn Chân::author|Nguyễn Khắc Cường::supervisor,Thị giác máy tính|Xử lý hình ảnh,thesis
https://thuvien.ntu.edu.vn/Opac/DmdInfo.aspx?mnuid=146&collection_id=16&material_type=2&dmd_id=238705,"Phát triển sinh kế từ hoạt động du lịch cho hộ gia đình tại đảo Bích Đầm, thành phố Nha Trang, tỉnh Khánh Hòa /Lê Công Minh; Phạm Hồng Mạnh: GVHD",,"Khánh Hòa :Đại học Nha Trang,2025",,2025.0,85 tr. ;27 cm,338.4791,Lê Công Minh::author|Phạm Hồng Mạnh::supervisor,Lao động- Kinh tế xã hội|Du lịch,thesis
https://thuvien.ntu.edu.vn/Opac/DmdInfo.aspx?mnuid=146&collection_id=16&material_type=2&dmd_id=238703,"Một số giải pháp phát triển kinh tế xã Ea Trang, huyện M'Drắk, tỉnh Đắk Lắk /Nguyễn Thị Sinh; Quách Thị Khánh Ngọc: GVHD",,"Khánh Hòa :Đại học Nha Trang,2025",,2025.0,59 tr. :Minh họa ;27 cm,338.9,Nguyễn Thị Sinh::author|Quách Thị Khánh Ngọc::supervisor,Kinh tế- Phát triển chiến lược,thesis
https://thuvien.ntu.edu.vn/Opac/DmdInfo.aspx?mnuid=146&collection_id=16&material_type=2&dmd_id=238674,Hoàn thiện kiểm soát nội bộ đối với hoạt động quản lý hàng tồn kho tại Viễn Thông Khánh Hòa /Nguyễn Hoài Sơn; Võ Thị Thùy Trang: GVHD,,"Khánh Hòa :Đại học Nha Trang,2025",,2025.0,85 tr. ;27 cm,658.787,Nguyễn Hoài Sơn::author|Võ Thị Thùy Trang::supervisor,Hàng hóa- Quản lý|Kiểm soát tài chính,thesis
https://thuvien.ntu.edu.vn/Opac/DmdInfo.aspx?mnuid=146&collection_id=16&material_type=2&dmd_id=238661,Đánh giá hiệu quả tài chính các công ty niêm yết thuộc lĩnh vực chế biến thủy sản trên thị trường chứng khoán Việt Nam /Nguyễn Thị Ngọc Trâm; Võ Thị Thùy Trang: GVHD,,"Khánh Hòa :Đại học Nha Trang,2025",,2025.0,113 tr. ;27 cm,658.152,Nguyễn Thị Ngọc Trâm::author|Võ Thị Thùy Trang::supervisor,Tài chính- Quản trị,thesis
https://thuvien.ntu.edu.vn/Opac/DmdInfo.aspx?mnuid=146&collection_id=16&material_type=2&dmd_id=238651,"Ảnh hưởng của chất lượng dịch vụ, sự hài lòng và chi phí chuyển đổi đến lòng trung thành của khách hàng đại lý / cộng tác viên sử dụng ứng dụng Ignite by Igloo đối với dịch vụ bảo hiểm phi nhân thọ tại Công ty Trách nhiệm hữu hạn Axinan Việt Nam /Lê Hằng Thanh Thiện; Hồ Huy Tựu: GVHD",,"Khánh Hòa :Đại học Nha Trang,2025",,2025.0,58 tr. :Minh họa ;27 cm,658.834,Lê Hằng Thanh Thiện::author|Hồ Huy Tựu::supervisor,Khách hàng- Nghiên cứu|Bảo hiểm phi nhân thọ,thesis
https://thuvien.ntu.edu.vn/Opac/DmdInfo.aspx?mnuid=146&collection_id=16&material_type=2&dmd_id=237951,"Các nhân tố ảnh hưởng đến ý định tham gia bảo hiểm phi nhân thọ Bảo Việt của người dân tại thành phố Nha Trang, tỉnh Khánh Hòa /Lý Minh Hiếu; Nguyễn Ngọc Duy: GVHD",,"Nha Trang :Đại học Nha Trang,2025",,2025.0,"xii, 61 tr :phụ lục ;27 cm",368.0,Lý Minh Hiếu::author|Nguyễn Ngọc Duy::supervisor,Khách hàng- Nghiên cứu|Bảo hiểm phi nhân thọ,thesis
https://thuvien.ntu.edu.vn/Opac/DmdInfo.aspx?mnuid=146&collection_id=16&material_type=2&dmd_id=237949,Phân tích hiệu quả hoạt động các ngân hàng thương mại Việt Nam giai đoạn 2018-2022 /Vũ Minh Hiếu; Lê Kim Long: GVHD,,"Khánh Hòa :Đại học Nha Trang,2025",,2025.0,86 tr. ;27 cm,332.1,Vũ Minh Hiếu::author|Lê Kim Long::supervisor,Ngân hàng và hoạt động ngân hàng,thesis
https://thuvien.ntu.edu.vn/Opac/DmdInfo.aspx?mnuid=146&collection_id=16&material_type=2&dmd_id=233875,"Nghiên cứu chuỗi cung ứng cá chim vây vàng tại thành phố Nha Trang, tỉnh Khánh Hòa /Trần Thị Phương Liên; Nguyễn Thị Trâm Anh: GVHD",,"Khánh Hòa :Đại học Nha Trang,2025",,2025.0,86 tr. ;27 cm,658.7,Trần Thị Phương Liên::author|Nguyễn Thị Trâm Anh::supervisor,Hàng hóa- Lưu thông|Hàng hóa- Quản lý|Logistics (Hậu cần),thesis
https://thuvien.ntu.edu.vn/Opac/DmdInfo.aspx?mnuid=146&collection_id=16&material_type=2&dmd_id=233504,"Nghiên cứu nhân tố ảnh hưởng đến ý định tiết kiệm điện của hộ gia đình tại thành phố Tuy Hòa, tỉnh Phú Yên /Ngô Đình Duy; Trần Thị Ái Cẩm: GVHD",,"Khánh Hòa :Đại học Nha Trang,2025",,2025.0,77 tr. ;27 cm,658.834,Ngô Đình Duy::author|Trần Thị Ái Cẩm::supervisor,Khách hàng- Nghiên cứu,thesis
https://thuvien.ntu.edu.vn/Opac/DmdInfo.aspx?mnuid=146&collection_id=16&material_type=2&dmd_id=233503,"Các yếu tố ảnh hưởng đến quyết định đầu tư của doanh nghiệp vào Khu kinh tế Vân Phong, tỉnh Khánh Hòa /Nguyễn Quốc Cường; Hà Việt Hùng: GVHD",,"Khánh Hòa :Đại học Nha Trang,2025",,2025.0,66 tr. ;27 cm,332.67,Nguyễn Quốc Cường::author|Hà Việt Hùng::supervisor,Đầu tư- Chính sách,thesis
https://thuvien.ntu.edu.vn/Opac/DmdInfo.aspx?mnuid=146&collection_id=16&material_type=2&dmd_id=233502,"Phát triển đối tượng tham gia Bảo hiểm xã hội tự nguyện khu vực phi chính thức trên địa bàn huyện Khánh Vĩnh, tỉnh Khánh Hòa /Huỳnh Nguyễn Hồng Anh; Hà Việt Hùng: GVHD",,"Khánh Hòa :Đại học Nha Trang,2025",,2025.0,85 tr. ;27 cm,368.4,Huỳnh Nguyễn Hồng Anh::author|Hà Việt Hùng::supervisor,Bảo hiểm xã hội tự nguyện|Marketing mix- Bảo hiểm,thesis
https://thuvien.ntu.edu.vn/Opac/DmdInfo.aspx?mnuid=146&collection_id=16&material_type=2&dmd_id=233487,Quản trị rủi ro tín dụng cá nhân tại Ngân hàng Thương mại Cổ phần Tiên Phong - chi nhánh Nha Trang /Nguyễn Lê Thanh Tuấn; Phạm Thế Anh: GVHD,,"Khánh Hòa :Đại học Nha Trang,2025",,2025.0,86 tr. ;27 cm,332.7,Nguyễn Lê Thanh Tuấn::author|Phạm Thế Anh::supervisor,Tín dụng ngân hàng|Ngân hàng và hoạt động ngân hàng,thesis
https://thuvien.ntu.edu.vn/Opac/DmdInfo.aspx?mnuid=146&collection_id=16&material_type=2&dmd_id=233476,Tạo động lực làm việc cho người lao động tại Công ty Cổ phần Lavite /Nguyễn Ngọc Trang Tâm; Nguyễn Thị Kim Anh: GVHD,,"Khánh Hòa :Đại học Nha Trang,2025",,2025.0,70 tr. ;27 cm,658.3,Nguyễn Ngọc Trang Tâm::author|Nguyễn Thị Kim Anh::supervisor,Quản trị nhân sự,thesis
https://thuvien.ntu.edu.vn/Opac/DmdInfo.aspx?mnuid=146&collection_id=16&material_type=2&dmd_id=233458,Nâng cao năng lực cạnh tranh của sản phẩm nước tinh khiết Sanna tại Công ty cổ phần nước giải khát Sanna Khánh Hòa /Nguyễn Thị Hoàng Ngân; Nguyễn Thị Trâm Anh: GVHD,,"Khánh Hòa :Đại học Nha Trang,2025",,2025.0,81 tr. :Minh họa ;27 cm,658.0,Nguyễn Thị Hoàng Ngân::author|Nguyễn Thị Trâm Anh::supervisor,Quản trị kinh doanh- Năng lực cạnh tranh|Quản trị chiến lược,thesis
https://thuvien.ntu.edu.vn/Opac/DmdInfo.aspx?mnuid=146&collection_id=16&material_type=2&dmd_id=231529,"Ứng dụng phương pháp xác định hoạt lực Spiramycin trên chủng vi sinh vật chuẩn trong đánh giá thuốc tân dược lưu hành tại thành phố Tuy Hòa /Đặng Lư Minh Hà; Nguyễn Thị Như Thường, Phạm Thị Minh Thu: GVHD",,"Khánh Hòa :Đại học Nha Trang,2025",,2025.0,53 tr. ;27 cm,615.329,Đặng Lư Minh Hà::author|Nguyễn Thị Như Thường::supervisor|Phạm Thị Minh Thu::supervisor,Kháng sinh- Xác định hoạt lực,thesis
https://thuvien.ntu.edu.vn/Opac/DmdInfo.aspx?mnuid=146&collection_id=16&material_type=2&dmd_id=231494,"Nghiên cứu độ bền và cơ chế phá hủy của mối hàn ma sát giữa hợp kim nhôm AA6061-T6 với thép không gỉ SUS316 /Hồ Hữu Huy; Trần Hưng Trà, Dương Đình Hảo: GVHD",,"Khánh Hòa :Đại học Nha Trang,2025",,2025.0,103 tr. :Minh họa ;27 cm,671.52,Hồ Hữu Huy::author|Trần Hưng Trà::supervisor|Dương Đình Hảo::supervisor,Hàn- Kỹ thuật,thesis
https://thuvien.ntu.edu.vn/Opac/DmdInfo.aspx?mnuid=146&collection_id=16&material_type=2&dmd_id=231478,"Nghiên cứu các hệ thống khuyến nghị, ứng dụng xây dựng website bán xe cũ /Ngô Nguyễn Tường Nghi; Nguyễn Đình Hưng: GVHD",,"Khánh Hòa :Đại học Nha Trang,2025",,2025.0,53 tr. :Minh họa ;27 cm,6.7,Ngô Nguyễn Tường Nghi::author|Nguyễn Đình Hưng::supervisor,Thương mại điện tử|Website- Thiết kế,thesis
https://thuvien.ntu.edu.vn/Opac/DmdInfo.aspx?mnuid=146&collection_id=16&material_type=2&dmd_id=231474,"Khảo sát thành phần loài và biến động nguồn giống trứng cá - ấu trùng cá (Ichthyoplankton) của một số họ cá rạn phổ biến ở vùng biển ven bờ Ninh Hải, tỉnh Ninh Thuận /Nguyễn Lê Thảo My; Đặng Thúy Bình: GVHD",,"Khánh Hòa :Đại học Nha Trang,2025",,2025.0,123 tr. :Minh họa ;27 cm,597.177,Nguyễn Lê Thảo My::author|Đặng Thúy Bình::supervisor,Cá- Đặc điểm sinh học,thesis
https://thuvien.ntu.edu.vn/Opac/DmdInfo.aspx?mnuid=146&collection_id=16&material_type=2&dmd_id=231467,"Tạo chủng và xác định các đặc tính sinh học của Actinobacillus pleuropneumoniae serotype 5 đột biến mất gen apxIC và apxIIC /Trịnh Lê Hoàng Sơn; Nguyễn Thị Anh Thư, Đào Hoài Thu: GVHD",,"Khánh Hòa :Đại học Nha Trang,2025",,2025.0,72 tr. :Minh họa ;27 cm,579.3,Trịnh Lê Hoàng Sơn::author|Nguyễn Thị Anh Thư::supervisor|Đào Hoài Thu::supervisor,Vi khuẩn- Nghiên cứu,thesis
https://thuvien.ntu.edu.vn/Opac/DmdInfo.aspx?mnuid=146&collection_id=16&material_type=2&dmd_id=231466,"Nghiên cứu đáp ứng miễn dịch của thành phần kháng nguyên ho gà vô bào trong vắc xin bạch hầu - uốn ván - ho gà vô bào ( DTaP và Tdap) nghiên cứu tại Viện Vắc xin và sinh phẩm y tế /Nguyễn Xuân Khánh Hà; Nguyễn Thị Anh Thư, Nguyễn Thị Lan Phương: GVHD",,"Khánh Hòa :Đại học Nha Trang,2025",,2025.0,69 tr. :Minh họa ;27 cm,615.372,Nguyễn Xuân Khánh Hà::author|Nguyễn Thị Anh Thư::supervisor|Nguyễn Thị Lan Phương::supervisor,Vắc xin- Đánh giá,thesis
https://thuvien.ntu.edu.vn/Opac/DmdInfo.aspx?mnuid=146&collection_id=21&material_type=2&dmd_id=239592,Direct photodegradation of carbamazepine followed by micellar electrokinetic chromatography and mass spectrometry /Vania Calisto and others,,,"Water research- 
				  Số: 3
				  Tập: 45
				  Năm: 2011",,From p.127-136,,Guillaume L. Erny::contributor|M. Rosario M. Domingues::contributor|Valdemar I. Esteves::contributor|Vania Calisto::contributor,,article
https://thuvien.ntu.edu.vn/Opac/DmdInfo.aspx?mnuid=146&collection_id=21&material_type=2&dmd_id=239591,"Biochemical oxygen demand and nutrient processing in a novel multi-stage raw municipal wastewater and acid mine drainage passive co-treatment system /W.H. Strosnider, B.K. Winfrey, R.W. Nairn",,,"Water research- 
				  Số: 3
				  Tập: 45
				  Năm: 2011",,From p.119-126,,"W.H. Strosnider,::author|B.K. Winfrey::contributor|R.W. Nairn::contributor",,article
https://thuvien.ntu.edu.vn/Opac/DmdInfo.aspx?mnuid=146&collection_id=21&material_type=2&dmd_id=239590,Synthetic musk emissions from wastewater aeration basins /Nabin Upadhyay and others,,,"Water research- 
				  Số: 3
				  Tập: 45
				  Năm: 2011",,From p.111-118,,Paul Westerhoff::contributor|Jonathan O. Allen::contributor|Nabin Upadhyay::contributor|Qinyue Sun::contributor,,article
https://thuvien.ntu.edu.vn/Opac/DmdInfo.aspx?mnuid=146&collection_id=21&material_type=2&dmd_id=239589,Investigating synergism during sequential inactivation of MS-2 phage and Bacillus subtilis spores with UV/H 2 O 2 followed by free chlorine /Min Cho and others,,,"Water research- 
				  Số: 3
				  Tập: 45
				  Năm: 2011",,From p.103-110,,Min Cho::contributor|Jae-Hong Kim::contributor|Tae-Mun Hwang::contributor|Varun Gandhi::contributor,,article
https://thuvien.ntu.edu.vn/Opac/DmdInfo.aspx?mnuid=146&collection_id=21&material_type=2&dmd_id=239588,"The role of biomass, electron shuttles, and ferrous iron in the kinetics of Geobacter sulfurreducens-mediated ferrihydrite reduction /Luke H. MacDonald, Hee Sun Moon, Peter R. Jaffe",,,"Water research- 
				  Số: 3
				  Tập: 45
				  Năm: 2011",,From p.89-102,,"MacDonald, Luke H.::author|Hee Sun Moon::contributor|Peter R. Jaffe::contributor",,article
https://thuvien.ntu.edu.vn/Opac/DmdInfo.aspx?mnuid=146&collection_id=21&material_type=2&dmd_id=239587,Effect of selected metal ions on the photocatalytic degradation of bog lake water natural organic matter /Luis A. Tercero Espinoza and others,,,"Water research- 
				  Số: 3
				  Tập: 45
				  Năm: 2011",,From p.79-88,,Eike ter Haseborg::contributor|Elly Karle::contributor|Luis A. Tercero Espinoza::contributor|Matthias Weber::contributor,,article
https://thuvien.ntu.edu.vn/Opac/DmdInfo.aspx?mnuid=146&collection_id=21&material_type=2&dmd_id=239586,Surveillance of adenoviruses and noroviruses in European recreational waters /A. Peter Wyn-Jones and others,,,"Water research- 
				  Số: 3
				  Tập: 45
				  Năm: 2011",,From p.65-20,,A. Peter Wyn-Jones::contributor|Annalaura Carducci::contributor|Martin D’Agostino::contributor|Nigel Cook::contributor,,article
https://thuvien.ntu.edu.vn/Opac/DmdInfo.aspx?mnuid=146&collection_id=21&material_type=2&dmd_id=239585,Direct photodegradation of carbamazepine followed by micellar electrokinetic chromatography and mass spectrometry /Daniel Stalter and others,,,"Water research- 
				  Số: 3
				  Tập: 45
				  Năm: 2011",,From p.55-64,,Axel Magdeburg::contributor|Daniel Stalter::contributor|Jorg Oehlmann::contributor|Martin Wagner::contributor,,article
https://thuvien.ntu.edu.vn/Opac/DmdInfo.aspx?mnuid=146&collection_id=21&material_type=2&dmd_id=239584,"Inﬂuence of sampling strategies on the monitoring of cyanobacteria in shallow lakes: Lessons from a case study in France /David Pobel, Joel Robin, Jean-Francois Humbert",,,"Water research- 
				  Số: 3
				  Tập: 45
				  Năm: 2011",,From p.45-54,,"Pobel, David::author|Jean-Francois Humbert::contributor|Joel Robin::contributor",,article
https://thuvien.ntu.edu.vn/Opac/DmdInfo.aspx?mnuid=146&collection_id=21&material_type=2&dmd_id=239583,Feature selection methods for characterizing and classifying adaptive Sustainable Flood Retention Basins /Qinli Yang and others,,,"Water research- 
				  Số: 3
				  Tập: 45
				  Năm: 2011",,From p.33-44,,Claudia Plant::contributor|Junming Shao::contributor|Miklas Scholz::contributor|Qinli Yang::contributor,,article
https://thuvien.ntu.edu.vn/Opac/DmdInfo.aspx?mnuid=146&collection_id=21&material_type=2&dmd_id=239582,A combined approach for a better understanding of wastewater treatment plants operation: Statistical analysis of monitoring /A.C. Avella and others,,,"Water research- 
				  Số: 3
				  Tập: 45
				  Năm: 2011",,From p.21-32,,A.C. Avella::contributor|J. Yvon::contributor|P. Chappe::contributor|T. Gorner::contributor,,article
https://thuvien.ntu.edu.vn/Opac/DmdInfo.aspx?mnuid=146&collection_id=21&material_type=2&dmd_id=239581,"Assessing the public health risk of microbial intrusion events in distribution systems: Conceptual model, available data /Marie-Claude Besner, Michele Prevost, Stig Regli",,,"Water research- 
				  Số: 3
				  Tập: 45
				  Năm: 2011",,From p.2-20,,"Besner, Marie-Claude::author|Michele Prevost::contributor|Stig Regli::contributor",,article
https://thuvien.ntu.edu.vn/Opac/DmdInfo.aspx?mnuid=146&collection_id=21&material_type=2&dmd_id=239578,ADM1 calibration using BMP tests for modeling the effect of autohydrolysis pretreatment on the performance of continuous /Theo S.O. Souza and others,,,"Water research- 
				  Số: 9
				  Tập: 47
				  Năm: 2013",,From p.325-335,,Andrea Carvajal::contributor|Andres Donoso-Bravo::contributor|Mar Pena::contributor|Theo S.O. Souza::contributor,,article
https://thuvien.ntu.edu.vn/Opac/DmdInfo.aspx?mnuid=146&collection_id=21&material_type=2&dmd_id=239577,"Spatio-temporal variability of non-regulated disinfection by-products within a drinking water distribution network /Catherine Mercier Shanks, Jean-Baptiste Serodes, Manuel J. Rodriguez",,,"Water research- 
				  Số: 9
				  Tập: 47
				  Năm: 2013",,From p.312-324,,"Mercier Shanks, Catherine::author|Manuel J. Rodriguez::contributor|Jean-Baptiste Serodes::contributor",,article
https://thuvien.ntu.edu.vn/Opac/DmdInfo.aspx?mnuid=146&collection_id=21&material_type=2&dmd_id=239576,Oxidation of non-steroidal anti-inflammatory drugs with aqueous permanganate /Tania Rodrıguez-Alvarez and others,,,"Water research- 
				  Số: 9
				  Tập: 47
				  Năm: 2013",,From p.301-311,,Jose Benito Quintana::contributor|Rafael Cela::contributor|Rosario Rodil::contributor|Tania Rodrıguez-Alvarez::contributor,,article
https://thuvien.ntu.edu.vn/Opac/DmdInfo.aspx?mnuid=146&collection_id=21&material_type=2&dmd_id=239575,"Oxidation by-products formation of microcystin-LR exposed to UV/H2O2: Toward the generative mechanism and biological toxicity /Wansong Zong, Feng Sun, Xiaojing Sun",,,"Water research- 
				  Số: 9
				  Tập: 47
				  Năm: 2013",,From p.292-300,,"Wansong Zong,::author|Xiaojing Sun::contributor|Feng Sun::contributor",,article
https://thuvien.ntu.edu.vn/Opac/DmdInfo.aspx?mnuid=146&collection_id=21&material_type=2&dmd_id=239574,Bioavailable and biodegradable dissolved organic nitrogen in activated sludge and trickling filter wastewater treatment plants /Halis Simsek and others,,,"Water research- 
				  Số: 9
				  Tập: 47
				  Năm: 2013",,From p.282-291,,Jae-Bom Ohm::contributor|Halis Simsek::contributor|Mark Blonigen::contributor|Murthy Kasi::contributor,,article
https://thuvien.ntu.edu.vn/Opac/DmdInfo.aspx?mnuid=146&collection_id=21&material_type=2&dmd_id=239573,"Fatty acid content and composition of sediments from Siberian eutrophic water bodies: Implications for biodiesel production /Nadezhda N. Sushchik, Anna Yu Kuchkina, Michail I. Gladyshev",,,"Water research- 
				  Số: 9
				  Tập: 47
				  Năm: 2013",,From p.273-281,,"Sushchik, Nadezhda N.::author|Anna Yu Kuchkina::contributor|Michail I. Gladyshev::contributor",,article
https://thuvien.ntu.edu.vn/Opac/DmdInfo.aspx?mnuid=146&collection_id=21&material_type=2&dmd_id=239572,"Cần cấm thuốc lá điện tử, thuốc lá nung nóng",,,"Giao thông vận tải : Cơ quan thông tin lý luận khoa học công nghệ- 
				  Số: 7
				  Năm: 2024",,Tr.193,,,,article
https://thuvien.ntu.edu.vn/Opac/DmdInfo.aspx?mnuid=146&collection_id=21&material_type=2&dmd_id=239571,"Buýt Hà Nội với vai trò kết nối, gia tăng giá trị cho Thủ đô",,,"Giao thông vận tải : Cơ quan thông tin lý luận khoa học công nghệ- 
				  Số: 7
				  Năm: 2024",,Tr.191-192,,,,article
https://thuvien.ntu.edu.vn/Opac/DmdInfo.aspx?mnuid=146&collection_id=21&material_type=2&dmd_id=239570,Loại bỏ thuốc lá mới ra khỏi đời sống xã hội,,,"Giao thông vận tải : Cơ quan thông tin lý luận khoa học công nghệ- 
				  Số: 7
				  Năm: 2024",,Tr.189-190,,,,article
https://thuvien.ntu.edu.vn/Opac/DmdInfo.aspx?mnuid=146&collection_id=21&material_type=2&dmd_id=239569,Cảnh báo ô nhiễm kim loại nặng trong bụi đường giao thông ở Việt Nam,,,"Giao thông vận tải : Cơ quan thông tin lý luận khoa học công nghệ- 
				  Số: 7
				  Năm: 2024",,Tr.187-188,,,,article
https://thuvien.ntu.edu.vn/Opac/DmdInfo.aspx?mnuid=146&collection_id=21&material_type=2&dmd_id=239568,"Kinh nghiệm quản lý, vận hành, khai thác hệ thống đường sắt cao tốc trên thế giới",,,"Giao thông vận tải : Cơ quan thông tin lý luận khoa học công nghệ- 
				  Số: 7
				  Năm: 2024",,Tr.185-186,,,,article
https://thuvien.ntu.edu.vn/Opac/DmdInfo.aspx?mnuid=146&collection_id=21&material_type=2&dmd_id=239567,An improved infectivity assay combining cell culture with real-time PCR for rapid quantification of human adenoviruses /Roberto A. Rodrıguez and others,,,"Water research- 
				  Số: 9
				  Tập: 47
				  Năm: 2013",,From p.264-272,,Jianyong Wu::contributor|Ming Jing Wu::contributor|Patsy M. Polston::contributor|Roberto A. Rodrıguez::contributor,,article
https://thuvien.ntu.edu.vn/Opac/DmdInfo.aspx?mnuid=146&collection_id=21&material_type=2&dmd_id=239566,Ô tô nhập khẩu thế nào trước “cú hích” giảm phí trước bạ lần 4 cho xe lắp ráp trong nước? /An Nhi,,,"Giao thông vận tải : Cơ quan thông tin lý luận khoa học công nghệ- 
				  Số: 7
				  Năm: 2024",,Tr.184,,An Nhi::author,,article
https://thuvien.ntu.edu.vn/Opac/DmdInfo.aspx?mnuid=146&collection_id=21&material_type=2&dmd_id=239565,"Giải pháp nâng cao hiệu quả dạy và học thực hành, thực tập xây dựng công trình giao thông /Đỗ Văn Thái, Đỗ Thị Thu Phương",,,"Giao thông vận tải : Cơ quan thông tin lý luận khoa học công nghệ- 
				  Số: 7
				  Năm: 2024",,Tr.181-183,,Đỗ Văn Thái::author|Đỗ Thị Thu Phương::contributor,,article
https://thuvien.ntu.edu.vn/Opac/DmdInfo.aspx?mnuid=146&collection_id=21&material_type=2&dmd_id=239564,Mechanisms of simultaneous hydrogen production and estrogenic activity removal from secondary effluent though solar /Wenlong Zhang and others,,,"Water research- 
				  Số: 9
				  Tập: 47
				  Năm: 2013",,From p.254-263,,Yi Li::contributor|Chao Wang::contributor|Peifang Wang::contributor|Wenlong Zhang::contributor,,article
https://thuvien.ntu.edu.vn/Opac/DmdInfo.aspx?mnuid=146&collection_id=21&material_type=2&dmd_id=239563,"Nâng cao hiệu quả đầu tư xây dựng các công trình giao thông đường bộ trên địa bàn tỉnh Đồng Nai giai đoạn 2025 – 2030 theo hướng bền vững /Võ Tấn Đức, Trần Quang Phú, Võ Công Hậu",,,"Giao thông vận tải : Cơ quan thông tin lý luận khoa học công nghệ- 
				  Số: 7
				  Năm: 2024",,Tr.177-180,,Võ Tấn Đức::author|Trần Quang Phú::contributor|Võ Công Hậu::contributor,,article
https://thuvien.ntu.edu.vn/Opac/DmdInfo.aspx?mnuid=146&collection_id=21&material_type=2&dmd_id=239562,"Định biên nhân sự trong tổ chức – Giải pháp nâng cao chất lượng nguồn nhân lực công chức Thanh tra Bộ Giao thông vận tải /Nguyễn Mạnh Hùng, Cấn Tất Linh",,,"Giao thông vận tải : Cơ quan thông tin lý luận khoa học công nghệ- 
				  Số: 7
				  Năm: 2024",,Tr.173-176,,Nguyễn Mạnh Hùng::author|Cấn Tất Linh::contributor,,article
https://thuvien.ntu.edu.vn/Opac/DmdInfo.aspx?mnuid=146&collection_id=21&material_type=2&dmd_id=239561,Pesticide washoff from concrete surfaces: Literature review and a new modeling approach /Yuzhou Luo and others,,,"Water research- 
				  Số: 9
				  Tập: 47
				  Năm: 2013",,From p.244-253,,Brant C. Jorgenson::contributor|Frank Spurlock::contributor|Weiying Jiang::contributor|Yuzhou Luo::contributor,,article
https://thuvien.ntu.edu.vn/Opac/DmdInfo.aspx?mnuid=146&collection_id=21&material_type=2&dmd_id=239560,Nghiên cứu triển khai dự án “Xe xanh cùng bạn đến trường” trong đô thị /Đinh Quang Toàn,,,"Giao thông vận tải : Cơ quan thông tin lý luận khoa học công nghệ- 
				  Số: 7
				  Năm: 2024",,Tr.169-172,,Đinh Quang Toàn::author,,article
https://thuvien.ntu.edu.vn/Opac/DmdInfo.aspx?mnuid=146&collection_id=21&material_type=2&dmd_id=239559,"Influences of solid retention time, nitrification and microbial activity on the attenuation of pharmaceuticals and estrogen /Sung Kyu Maeng and others",,,"Water research- 
				  Số: 9
				  Tập: 47
				  Năm: 2013",,From p.232-243,,Byeong Gyu Choi::contributor|Kyu Tae Lee::contributor|Kyung Guen Song::contributor|Sung Kyu Maeng::contributor,,article
https://thuvien.ntu.edu.vn/Opac/DmdInfo.aspx?mnuid=146&collection_id=21&material_type=2&dmd_id=239558,"Nghiên cứu xây dựng lộ trình hoạt động quản lý và thu phí sử dụng vỉa hè phục vụ mục đích kinh doanh, hướng tới phát triển kinh tế vỉa hè tại Việt Nam /Vũ Trọng Anh, Đinh Trọng Hùng",,,"Giao thông vận tải : Cơ quan thông tin lý luận khoa học công nghệ- 
				  Số: 7
				  Năm: 2024",,Tr.165-168,,Vũ Trọng Anh::author|Đinh Trọng Hùng::contributor,,article
https://thuvien.ntu.edu.vn/Opac/DmdInfo.aspx?mnuid=146&collection_id=21&material_type=2&dmd_id=239557,"Nghiên cứu giải pháp nâng cao hiệu quả quản lý giao thông hàng hải tại trung tâm VTS: Áp dụng cho khu vực Hải Phòng /Lương Tú Nam, Trương Thị Kim Ngọc",,,"Giao thông vận tải : Cơ quan thông tin lý luận khoa học công nghệ- 
				  Số: 7
				  Năm: 2024",,Tr.161-165,,Lương Tú Nam::author|Trương Thị Kim Ngọc::contributor,,article
https://thuvien.ntu.edu.vn/Opac/DmdInfo.aspx?mnuid=146&collection_id=21&material_type=2&dmd_id=239556,Identifying the key factors contributing to the detention of Vietnam vessels due to non-compliance with solas 74 engine room safety requirements /Dinh Gia Huy,,,"Giao thông vận tải : Cơ quan thông tin lý luận khoa học công nghệ- 
				  Số: 7
				  Năm: 2024",,Tr.158-160,,Dinh Gia Huy::author,,article
https://thuvien.ntu.edu.vn/Opac/DmdInfo.aspx?mnuid=146&collection_id=21&material_type=2&dmd_id=239555,Đánh giá tác động giao thông nhằm chủ động phòng tránh ùn tắc và tai nạn giao thông /Khuất Việt Hùng,,,"Giao thông vận tải : Cơ quan thông tin lý luận khoa học công nghệ- 
				  Số: 7
				  Năm: 2024",,Tr.150-157,,Khuất Việt Hùng::author,,article
https://thuvien.ntu.edu.vn/Opac/DmdInfo.aspx?mnuid=146&collection_id=21&material_type=2&dmd_id=239554,"Nghiên cứu bài toán phát hiện và phân loại phương tiện đường biển từ tín hiệu hình ảnh dựa trên phương pháp học sâu hỗ trợ bảo đảm an toàn hàng hải /Lê Quyết Tiến, Lê Hoàng Dương, Trần Văn Tuyển",,,"Giao thông vận tải : Cơ quan thông tin lý luận khoa học công nghệ- 
				  Số: 7
				  Năm: 2024",,Tr.146-149,,Lê Quyết Tiến::author|Trần Văn Tuyển::contributor|Lê Hoàng Dương::contributor,,article
https://thuvien.ntu.edu.vn/Opac/DmdInfo.aspx?mnuid=146&collection_id=21&material_type=2&dmd_id=239553,"Giải pháp nâng cao hiệu quả quản lý, sử dụng các trang thiết bị hàng hải trên buồng lái tàu biển /Phạm Văn Luân, Quách Thanh Chung, Nguyễn Văn Quảng",,,"Giao thông vận tải : Cơ quan thông tin lý luận khoa học công nghệ- 
				  Số: 7
				  Năm: 2024",,Tr.143-145,,Phạm Văn Luân::author|Nguyễn Văn Quảng::contributor|Quách Thanh Chung::contributor,,article
https://thuvien.ntu.edu.vn/Opac/DmdInfo.aspx?mnuid=146&collection_id=21&material_type=2&dmd_id=239552,Nghiên cứu lựa chọn mái dốc luồng vào bến cá Cống Họng – Hải Phòng /Trần Long Giang,,,"Giao thông vận tải : Cơ quan thông tin lý luận khoa học công nghệ- 
				  Số: 7
				  Năm: 2024",,Tr.139-142,,Trần Long Giang::author,,article
https://thuvien.ntu.edu.vn/Opac/DmdInfo.aspx?mnuid=146&collection_id=21&material_type=2&dmd_id=239551,"Nghiên cứu năng lực ứng dụng trí tuệ nhân tạo của chủ đầu tư trong việc lựa chọn nhà cung cấp trong các dự án chuỗi cung ứng tại Việt Nam /Nguyễn Văn Tiếp, Nguyễn Thanh Bình, Đỗ Tiến Sỹ",,,"Giao thông vận tải : Cơ quan thông tin lý luận khoa học công nghệ- 
				  Số: 7
				  Năm: 2024",,Tr.135-138,,Nguyễn Văn Tiếp::author|Đỗ Tiến Sỹ::contributor|Nguyễn Thanh Bình::contributor,,article
https://thuvien.ntu.edu.vn/Opac/DmdInfo.aspx?mnuid=146&collection_id=21&material_type=2&dmd_id=239550,"Ứng dụng phương pháp tính toán biểu tượng xác định công thức giải tích của phản lực gối đỡ hệ trục tàu thủy /Cao Đức Thiệp, Lê Đình Dũng, Bùi Thị Hằng",,,"Giao thông vận tải : Cơ quan thông tin lý luận khoa học công nghệ- 
				  Số: 7
				  Năm: 2024",,Tr.131-134,,Cao Đức Thiệp::author|Lê Đình Dũng::contributor|Bùi Thị Hằng::contributor,,article
https://thuvien.ntu.edu.vn/Opac/DmdInfo.aspx?mnuid=146&collection_id=21&material_type=2&dmd_id=239549,Nghiên cứu phát triển mô hình động học cho robot dẫn động vi sai /Vũ Xuân Hậu,,,"Giao thông vận tải : Cơ quan thông tin lý luận khoa học công nghệ- 
				  Số: 7
				  Năm: 2024",,Tr.128-130,,Vũ Xuân Hậu::author,,article
https://thuvien.ntu.edu.vn/Opac/DmdInfo.aspx?mnuid=146&collection_id=21&material_type=2&dmd_id=239548,"Developing a labview-based software for vital signals monitoring /Lê Đăng Khanh, Lê Văn Diễm",,,"Giao thông vận tải : Cơ quan thông tin lý luận khoa học công nghệ- 
				  Số: 7
				  Năm: 2024",,Tr.124-127,,Lê Đăng Khanh::author|Lê Văn Diễm::contributor,,article
https://thuvien.ntu.edu.vn/Opac/DmdInfo.aspx?mnuid=146&collection_id=21&material_type=2&dmd_id=239547,Nghiên cứu tính toán dây neo phao có vật treo bằng phương pháp phần tử hữu hạn /Đào Văn Tuấn,,,"Giao thông vận tải : Cơ quan thông tin lý luận khoa học công nghệ- 
				  Số: 7
				  Năm: 2024",,Tr.120-123,,Đào Văn Tuấn::author,,article
https://thuvien.ntu.edu.vn/Opac/DmdInfo.aspx?mnuid=146&collection_id=21&material_type=2&dmd_id=239546,"Ứng dụng UAV trong công tác kiểm tra và phát hiện hư hại của cầu đường bộ /Phạm Trung Minh, Nguyễn Cảnh Toàn",,,"Giao thông vận tải : Cơ quan thông tin lý luận khoa học công nghệ- 
				  Số: 7
				  Năm: 2024",,Tr.117-119,,Phạm Trung Minh::author|Nguyễn Cảnh Toàn::contributor,,article
https://thuvien.ntu.edu.vn/Opac/DmdInfo.aspx?mnuid=146&collection_id=21&material_type=2&dmd_id=239545,Nghiên cứu triển khai các giải pháp đảm bảo an toàn chạy tàu tận dụng lớp bùn loãng tại luồng ra/vào Trung tâm Điện lực Duyên Hải /Mai Bá Lĩnh,,,"Giao thông vận tải : Cơ quan thông tin lý luận khoa học công nghệ- 
				  Số: 7
				  Năm: 2024",,Tr.114-116,,Mai Bá Lĩnh::author,,article
https://thuvien.ntu.edu.vn/Opac/DmdInfo.aspx?mnuid=146&collection_id=21&material_type=2&dmd_id=239544,Phân tích lực cắt trong quá trình gia công rãnh vi mô bằng phương pháp phần tử hữu hạn /Trần Ánh Viên,,,"Giao thông vận tải : Cơ quan thông tin lý luận khoa học công nghệ- 
				  Số: 7
				  Năm: 2024",,Tr.110-113,,Trần Ánh Viên::author,,article
https://thuvien.ntu.edu.vn/Opac/DmdInfo.aspx?mnuid=146&collection_id=21&material_type=2&dmd_id=239543,"Nghiên cứu thuật toán và xây dựng chương trình dựng bản vẽ 3D chong chóng tàu thủy /Nguyễn Văn Quyết, Vũ Văn Tuyển",,,"Giao thông vận tải : Cơ quan thông tin lý luận khoa học công nghệ- 
				  Số: 7
				  Năm: 2024",,Tr.107-,,Nguyễn Văn Quyết::author|Vũ Văn Tuyển::contributor,,article
https://thuvien.ntu.edu.vn/Opac/DmdInfo.aspx?mnuid=146&collection_id=21&material_type=2&dmd_id=239541,"Tính toán thiết kế và kiểm bền chi tiết dầm chính cổng trục đẩy tay tải trọng một tấn bằng phương pháp phần tử hữu hạn /Lê Huỳnh Đức, Nguyễn Đình Minh Quân, Nguyễn Ngọc Nhật",,,"Giao thông vận tải : Cơ quan thông tin lý luận khoa học công nghệ- 
				  Số: 7
				  Năm: 2024",,Tr.103-106,,Lê Huỳnh Đức::author|Nguyễn Đình Minh Quân::contributor|Nguyễn Ngọc Nhật::contributor,,article
https://thuvien.ntu.edu.vn/Opac/DmdInfo.aspx?mnuid=146&collection_id=21&material_type=2&dmd_id=239540,Trường Cao đẳng GTVT Trung ương I - địa chỉ đào tạo nghề chất lượng cao /Bảo Châu,,,"Giao thông vận tải : Cơ quan thông tin lý luận khoa học công nghệ- 
				  Số: 01
				  Năm: 2025",,Tr.149-150,,Bảo Châu::author,,article
