id,title,alternative_title,type,year,pages,image_url,file_url,abstract
D1,Food and beverage service :A training manual /Suzanne Weekes,,book,2013.0,"xii, 409 p. :ill. ;24 cm",/static/uploads/images/D1.jpg,/static/uploads/files/D1.pdf,
D2,Smart antennas for wireless communications :With matlab /Frank B. Gross,,book,2005.0,270 p. :ill. ;23 cm,/static/uploads/images/D2.jpg,/static/uploads/files/D2.pdf,
D3,Reactive intermediates :MS investigations in solution /edited by Leonardo S. Santos,,book,2010.0,"xxiv, 317 p. :ill. ;25 cm",/static/uploads/images/D3.jpg,/static/uploads/files/D3.pdf,
D4,"Antennas and propagation for body-centric wireless communications /Peter S. Hall, Yang Hao, editors",,book,2006.0,"xiii, 291 p. :ill. ;26 cm",/static/uploads/images/D4.jpg,/static/uploads/files/D4.pdf,
D5,Economics for dummies /Sean Masaki Flynn,,book,2018.0,"xiii, 410 pages :illustrations ;24 cm",/static/uploads/images/D5.jpg,/static/uploads/files/D5.pdf,
D6,Analyzing biomolecular interactions by mass spectrometry /edited by Jeroen Kool and Wilfried M.A. Niessen,,book,2015.0,378 p. :ill. ;25 cm,/static/uploads/images/D6.jpg,/static/uploads/files/D6.pdf,
D7,"Mass spectrometry basics /Christopher G. Herbert, Robert A.W. Johnstone",,book,2003.0,474 p. :ill. ;26 cm,/static/uploads/images/D7.jpg,/static/uploads/files/D7.pdf,
D8,"Low-cost smart antennas /Qi Luo and Steven (Shichang) Gao, Wei Liu, Chao Gu",,book,2019.0,268 p.,/static/uploads/images/D8.jpg,/static/uploads/files/D8.pdf,
D9,Understanding reading :A psycholinguistic analysis of reading and learning to read /Frank Smith,,book,2004.0,"xii, 374 p. :ill. ;24 cm",/static/uploads/images/D9.jpg,/static/uploads/files/D9.pdf,
D10,Optimizing and assessing information technology :Improving business project execution /K. Scott Proctor,,book,2011.0,"xvi, 233 p. :ill. ;24 cm",/static/uploads/images/D10.jpg,/static/uploads/files/D10.pdf,
D11,Integrated strategies for drug discovery using mass spectrometry /edited by Mike S. Lee,,book,2005.0,"xvii, 550 p. :ill. ;24 cm",/static/uploads/images/D11.jpg,/static/uploads/files/D11.pdf,
D12,Exercises in synthetic organic chemistry /Chiara Ghiron and Russell J. Thomas,,book,1997.0,"xv, 123 p. :ill. ;30 cm",/static/uploads/images/D12.jpg,/static/uploads/files/D12.pdf,
D13,Writing securities research :A best practice guide /Jeremy Bolland,,book,2010.0,"xlviii, 300 p. :ill. ;24 cm",/static/uploads/images/D13.jpg,/static/uploads/files/D13.pdf,
D14,The truth about testing :An educator's call to action /W. James Popham,,book,2001.0,"iv, 167 p. ;24 cm",/static/uploads/images/D14.jpg,/static/uploads/files/D14.pdf,
D15,"Strategic global sourcing best practices /Fred Sollish, John Semanik",,book,2011.0,"x, 229 p. :ill. ;24 cm",/static/uploads/images/D15.jpg,/static/uploads/files/D15.pdf,
D16,"Spend analysis :The window into strategic sourcing /Kirit Pandit, H. Marmanis",,book,2008.0,"xxi, 249 p. :ill. ;24 cm",/static/uploads/images/D16.jpg,/static/uploads/files/D16.pdf,
D17,"Promoting property :Insight, experience and best practice /edited by Penny Norton and Liz Male",,book,2020.0,214 p.,/static/uploads/images/D17.jpg,/static/uploads/files/D17.pdf,
D18,"Smart manufacturing innovation and transformation :Interconnection and intelligence /Zongwei Luo, editor",,book,2014.0,"xxv, 407 pages ;29 cm",/static/uploads/images/D18.jpg,/static/uploads/files/D18.pdf,
D19,"Inclusive education :International policy and practice /Ann Cheryl Armstrong, Derrick Armstrong, Ilektra Spandagou",,book,2010.0,"xiii, 162 p. :ill. ;24 cm",/static/uploads/images/D19.jpg,/static/uploads/files/D19.pdf,
D20,Current best practice in interventional cardiology /edited by Bernhard Meier,,book,2010.0,"x, 219 p. :ill. ;26 cm",/static/uploads/images/D20.jpg,/static/uploads/files/D20.pdf,
D21,The geography of money /Benjamin J. Cohen,,book,1998.0,"xv, 229 p. ;24 cm",/static/uploads/images/D21.jpg,/static/uploads/files/D21.pdf,
D22,"The big data-driven business :How to use big data to win customers, beat competitors, and boost profits /Russell Glass, Sean Callahan",,book,2014.0,214 p.,/static/uploads/images/D22.jpg,/static/uploads/files/D22.pdf,
D23,A guide to chalcogen-nitrogen chemistry /Tristram Chivers,,book,2005.0,"xix, 318 p. :ill. ;24 cm",/static/uploads/images/D23.jpg,/static/uploads/files/D23.pdf,
D24,Blaming the brain :The truth about drugs and mental health /Elliot S. Valenstein,,book,1988.0,"xi, 292 p. :ill. ;24 cm",/static/uploads/images/D24.jpg,/static/uploads/files/D24.pdf,
D25,The truth about managing people ... and nothing but the truth /Stephen P. Robbins,,book,2003.0,211 p.,/static/uploads/images/D25.jpg,/static/uploads/files/D25.pdf,
D26,Attacking currency trends :How to anticipate and trade big moves in the forex market /Greg Michalowski,,book,2011.0,"xi, 287 p. :ill. ;24 cm",/static/uploads/images/D26.jpg,/static/uploads/files/D26.pdf,
D27,"Rubber and the making of Vietnam :An ecological history, (1897-1975) /Michitake Aso",,book,2018.0,"xvii, 405 pages :ill. ;24 cm",/static/uploads/images/D27.jpg,/static/uploads/files/D27.pdf,
D28,Computer applications in pharmaceutical research and development /edited by Sean Ekins,,book,2006.0,"xix, 805 p. :ill. ;25 cm",/static/uploads/images/D28.jpg,/static/uploads/files/D28.pdf,
D29,"Megatrends in food and agriculture :Technology, water use and nutrition /Helmut Traitler, Michel Dubois, Keith Heikes, Vincent Pétiard, David Zilberman",,book,2018.0,"xvi, 320 pages :illustrations ;24 cm",/static/uploads/images/D29.jpg,/static/uploads/files/D29.pdf,
D30,Infographics for dummies /Justin Beegel,,book,2014.0,"x, 306 pages :illustrations ;24 cm",/static/uploads/images/D30.jpg,/static/uploads/files/D30.pdf,
D31,Networking for dummies /Doug Lowe,,book,2020.0,454 p. :ill.,/static/uploads/images/D31.jpg,/static/uploads/files/D31.pdf,
D32,Oats :Chemistry and technology /edited by Francis H. Webster and Peter J. Wood,,book,2011.0,"xii, 376 p. :ill. ;29 cm",/static/uploads/images/D32.jpg,/static/uploads/files/D32.pdf,
D33,"Big data, little data, no data :Scholarship in the networked world /Christine L. Borgman",,book,2015.0,"xxv, 383 pages ;24 cm",/static/uploads/images/D33.jpg,/static/uploads/files/D33.pdf,
D34,Trading futures for dummies /Joe Duarte,,book,2008.0,"xviii, 364 p. :ill. ;24 cm",/static/uploads/images/D34.jpg,/static/uploads/files/D34.pdf,
D35,"Cognitive computing and big data analytics /Judith Hurwitz, Marcia Kaufman, Adrian Bowles",,book,2015.0,"xxi, 266 pages :illustrations ;24 cm",/static/uploads/images/D35.jpg,/static/uploads/files/D35.pdf,
D36,Big data MBA :Driving business strategies with data science /Bill Schmarzo,,book,2016.0,"xxvii, 283 pages :illustrations ;23 cm",/static/uploads/images/D36.jpg,/static/uploads/files/D36.pdf,
D37,Too big to ignore :The business case for big data /Phil Simon,,book,2013.0,231 p. :ill.,/static/uploads/images/D37.jpg,/static/uploads/files/D37.pdf,
D38,"Big data, big innovation :Enabling competitive differentiation through business analytics /Evan Stubbs",,book,2014.0,"xvii, 232 pages :illustrations ;24 cm",/static/uploads/images/D38.jpg,/static/uploads/files/D38.pdf,
D39,Being right or making money /Ned Davis,,book,2014.0,"xvii, 231 pages :ill. ;23 cm",/static/uploads/images/D39.jpg,/static/uploads/files/D39.pdf,
D40,"Solvent effects in chemistry /Erwin Buncel, Robert A. Stairs",,book,2016.0,"xi, 227 pages :illustrations ;25 cm",/static/uploads/images/D40.jpg,/static/uploads/files/D40.pdf,
D41,"Practical centrifugal pumps :Design, operation and maintenance /Paresh Girdhar, Octo Moniz",,book,2005.0,250 p. :ill.,/static/uploads/images/D41.jpg,/static/uploads/files/D41.pdf,
D42,Stochastic processes and models /David Stirzaker,,book,2005.0,"vi, 331 p. :ill. ;25 cm",/static/uploads/images/D42.jpg,/static/uploads/files/D42.pdf,
D43,"Managing risk of supply chain disruptions /Tong Shu, Shou Chen, Kin Keung Lai, Xizheng Zhang, and Shouyang Wang",,book,2014.0,199 p. ;24 cm,/static/uploads/images/D43.jpg,/static/uploads/files/D43.pdf,
D44,Professional ethics for the construction industry /Rebecca Mirsky and John Schaufelberger,,book,2015.0,"x, 140 pages :illustrations ;24 cm",/static/uploads/images/D44.jpg,/static/uploads/files/D44.pdf,
D45,Logistics and supply chain integration /Ian Sadler,,book,2007.0,"xxii, 259 p. :ill. ;25 cm",/static/uploads/images/D45.jpg,/static/uploads/files/D45.pdf,
D46,"Information technology investment :Decision-making methodology /Marc J. Schniederjans, Jamie L. Hamaker, Ashlyn M. Schniederjans",,book,2004.0,"xxvi, 389 p. :ill. ;24 cm",/static/uploads/images/D46.jpg,/static/uploads/files/D46.pdf,
D47,The cloud-based demand-driven supply chain /Vinit Sharma,,book,2019.0,311 p. :ill.,/static/uploads/images/D47.jpg,/static/uploads/files/D47.pdf,
D48,"Perfect selling :Open the door, close the deal /Linda Richardson",,book,2008.0,"xxx, 174 p. :ill. ;19 cm",/static/uploads/images/D48.jpg,/static/uploads/files/D48.pdf,
D49,Managing complex projects :A new model /Kathleen B. Hass,,book,2009.0,"xxiv, 298 p. ;25 cm",/static/uploads/images/D49.jpg,/static/uploads/files/D49.pdf,
D50,"Global logistics and supply chain management /John Mangan, Chandra Lalwani",,book,2016.0,"xvii, 393 pages :illustrations ;25 cm",/static/uploads/images/D50.jpg,/static/uploads/files/D50.pdf,
D51,Bạn muốn trở thành phiên dịch giỏi? - Cẩm nang kỹ năng nghề phiên dịch :Tất cả mọi bí quyết và nguyên tắc thành công cho nghề phiên dịch đều nằm ở trong quyển sách này /Lê Huy Khoa,Cẩm nang kỹ năng nghề phiên dịch :Tất cả mọi bí quyết và nguyên tắc thành công cho nghề phiên dịch đều nằm ở trong quyển sách này,book,2023.0,328 tr. :Minh họa ;21 cm,/static/uploads/images/D51.jpg,/static/uploads/files/D51.pdf,
D52,Tiền bẩn :Lật tẩy những cú lừa thế kỷ và thủ thuật thao túng tài chính chấn động nước Mỹ /Kelly Richmond Pope; Phạm Trúc Quỳnh (dịch),"Fool me once : scams, stories, and secrets from the trillion-dollar fraud industry",book,2023.0,"350 tr. :Minh họa ;20,5 cm",/static/uploads/images/D52.jpg,/static/uploads/files/D52.pdf,
D53,Xoay trục :Tương lai nghệ thuật lãnh đạo của Mỹ ở Châu Á /Kurt M. Campbell; Nguyễn Văn Sảnh và những người khác dịch và hiệu đính,The Pivot : the future of American statecraft in Asia,book,2017.0,491 tr. ;23 cm,/static/uploads/images/D53.jpg,/static/uploads/files/D53.pdf,
D54,Góc nhìn cận cảnh :Thế giới và Biển Đông sau phán quyết của Tòa Trọng tài /Trần Nam Tiến (Chủ biên) và những người khác,,book,2025.0,253 tr. :Minh họa,/static/uploads/images/D54.jpg,/static/uploads/files/D54.pdf,
D55,"Lịch sử thủy lợi Việt Nam /Phan Khánh (Chủ biên), Nguyễn Ân Niên, Nguyễn Ty Niên",,book,2024.0,520 tr. :Minh họa,/static/uploads/images/D55.jpg,/static/uploads/files/D55.pdf,
D56,"Lý thuyết về dịch thuật :Một dẫn nhập ngắn /Bùi Thị Ngọc Lan, Nguyễn Văn Hà, Nguyễn Vương Tuấn",The theory of translation : a very short introduction,book,2025.0,"158 tr. ;16,5 cm",/static/uploads/images/D56.jpg,/static/uploads/files/D56.pdf,
D57,Triết học tổng quát :Vấn đề triết học /Nguyễn Văn Trung,,book,2024.0,216 tr. ;20 cm,/static/uploads/images/D57.jpg,/static/uploads/files/D57.pdf,
D58,"Huế và triều Nguyễn, theo dấu thời gian /Đỗ Minh Điền",,book,2024.0,296 tr. :Minh họa ;23 cm,/static/uploads/images/D58.jpg,/static/uploads/files/D58.pdf,
D59,Tiếng Việt chữ nghĩa - Hồn vía dân gian /Phạm Văn Tình,,book,2025.0,268 tr. ;21 cm,/static/uploads/images/D59.jpg,/static/uploads/files/D59.pdf,
D60,Việt Nam sử luận :Góc nhìn đa chiều /Trịnh Vĩnh Thường; Nguyễn Phúc An (dịch và khảo chú),,book,2025.0,384 tr. :Minh họa ;24 cm,/static/uploads/images/D60.jpg,/static/uploads/files/D60.pdf,
D61,Đối thoại với Lý Quang Diệu :Nhà nước công dân Singapore : cách thức xây dựng một quốc gia /Tom Plate; Nguyễn Hằng dịch,Conversations with Lee Kuan Yew,book,2011.0,"266 tr. :Minh họa ;20,5 cm",/static/uploads/images/D61.jpg,/static/uploads/files/D61.pdf,
D62,Python cơ bản /Bùi Việt Hà,,book,2024.0,140 tr. ;27 cm.,/static/uploads/images/D62.jpg,/static/uploads/files/D62.pdf,
D63,"Luật An toàn thực phẩm quy định mới về thanh tra, xử phạt vi phạm hành chính trong lĩnh vực an toàn thực phẩm ở các cơ quan, doanh nghiệp, hộ kinh doanh, nhà hàng, khách sạn, quán ăn /Thu Phương (Hệ thống)",,book,2022.0,384 tr. ;28 cm,/static/uploads/images/D63.jpg,/static/uploads/files/D63.pdf,
D64,Lý thuyết điều khiển tự động thông thường và hiện đại :Quyển 2: Hệ xung số /Nguyễn Thương Ngô,,book,2009.0,200 tr. ;24 cm.,/static/uploads/images/D64.jpg,/static/uploads/files/D64.pdf,
D65,Phân tích công cụ /Trần Thị Thúy,,book,2016.0,196 tr. ;24 cm,/static/uploads/images/D65.jpg,/static/uploads/files/D65.pdf,
D66,Giáo trình kỹ thuật bao bì thực phẩm /Đống Thị Anh Đào,,book,2020.0,404 tr. ;24 cm,/static/uploads/images/D66.jpg,/static/uploads/files/D66.pdf,
D67,Sinh lý thực vật ứng dụng /Vũ Văn Vụ,,book,1999.0,148 tr. ;21 cm,/static/uploads/images/D67.jpg,/static/uploads/files/D67.pdf,
D68,"Trở thành người bán hàng xuất sắc :21 cách tuyệt vời để bán được nhiều hơn, nhanh hơn, dễ dàng hơn trong những thị trường khó khăn /Brian Tracy; Quế Hương dịch",Be a sales superstar,book,2016.0,"140 tr. ;20,5 cm",/static/uploads/images/D68.jpg,/static/uploads/files/D68.pdf,
D69,Dinh dưỡng học /Đào Thị Yến Phi (chủ biên) và các tác giả khác,,book,2020.0,"xiv, 541 tr. ;27 cm",/static/uploads/images/D69.jpg,/static/uploads/files/D69.pdf,
D70,"Thế mới là marketing :Sẽ chẳng ai biết đến bạn, trừ khi bạn học được cách tự tỏa sáng /Seth Godin; Phan Thu dịch",This is marketing,book,2019.0,366 tr.,/static/uploads/images/D70.jpg,/static/uploads/files/D70.pdf,
D71,Thế giới ảo thương hiệu thật :Bí quyết xây dựng thương hiệu cá nhân thành công trên nền tảng mạng xã hội /Gary Vaynerchuk; Nguyễn Thu Hương dịch,Crushing it!,book,2019.0,"378 tr. ;20,5 cm",/static/uploads/images/D71.jpg,/static/uploads/files/D71.pdf,
D72,"Giáo trình hóa sinh thực vật /Trần Thị Lệ (Chủ biên), Võ Văn Quang",,book,2006.0,284 tr. ;21 cm,/static/uploads/images/D72.jpg,/static/uploads/files/D72.pdf,
D73,Influencer :Xây dựng thương hiệu cá nhân trong kỷ nguyên 4.0 /Brittany Hennessy; Linh Nguyên dịch,Influencer: building your personal brand in the age of social media,book,2019.0,342 tr. ;20 cm,/static/uploads/images/D73.jpg,/static/uploads/files/D73.pdf,
D74,Phương pháp thiết kế tuyến clothoid cho đường ô tô /Nguyễn Xuân Vinh,,book,2006.0,238 tr. :Minh họa ;27 cm,/static/uploads/images/D74.jpg,/static/uploads/files/D74.pdf,
D75,"Máy móc, nền tảng, cộng đồng :Làm chủ tương lai kỹ thuật số của chúng ta /Andrew McAfee, Erik Brynjolfsson; Phạm Ngọc Thắng dịch","Machine, platform, crowd",book,2020.0,379 tr. :Minh họa ;24 cm,/static/uploads/images/D75.jpg,/static/uploads/files/D75.pdf,
D76,"Giáo trình Thủ tục hành chính (Dùng cho đào tạo Đại học Hành chính) /Nguyễn Văn Thâm, Võ Kim Sơn",,book,2012.0,151 tr. ;21 cm,/static/uploads/images/D76.jpg,/static/uploads/files/D76.pdf,
D77,Giáo trình Tâm lý học đại cương /Huỳnh Văn Sơn và các tác giả khác,,book,2016.0,229 tr. ;24 cm,/static/uploads/images/D77.jpg,/static/uploads/files/D77.pdf,
D78,Giáo trình tối ưu tuyến tính :Quyển 2 /Trần Vũ Thiệu,,book,2023.0,221 tr. :Minh họa,/static/uploads/images/D78.jpg,/static/uploads/files/D78.pdf,
D79,Giáo trình tối ưu tuyến tính :Quyển 1 /Trần Vũ Thiệu,,book,2023.0,110 tr. :Minh họa,/static/uploads/images/D79.jpg,/static/uploads/files/D79.pdf,
D80,Giáo trình thủy năng /Hồ Sỹ Dự (chủ biên) và những người khác,,book,2024.0,350 tr. :Minh họa,/static/uploads/images/D80.jpg,/static/uploads/files/D80.pdf,
D81,"Định hình mạng 6G trong tương lai :Sự cần thiết, tác động và công nghệ /Emmanuel Bertin, Noel Crespi, Thomas Magedanz (biên soạn), Lê Tiến Hưng dịch","Shaping future 6G networks : needs, impacts and technologies",book,2025.0,462 tr. :Minh họa,/static/uploads/images/D81.jpg,/static/uploads/files/D81.pdf,
D82,"Giáo trình Tâm lý học quản lý /Hoàng Thị Thu Hiền, Nguyễn Thị Lan",,book,2012.0,346 tr.,/static/uploads/images/D82.jpg,/static/uploads/files/D82.pdf,
D83,Các phương pháp sơ đồ mạng trong xây dựng /Trịnh Quốc Thắng,,book,2012.0,174 tr. ;21 cm.,/static/uploads/images/D83.jpg,/static/uploads/files/D83.pdf,
D84,Chiếu sáng đường giao thông nông thôn /Vũ Phương Thảo (chủ biên) và những người khác,,book,2025.0,239 tr. ;Minh họa,/static/uploads/images/D84.jpg,/static/uploads/files/D84.pdf,
D85,Giáo trình thủy điện /Nguyễn Văn Nghĩa (chủ biên) và những người khác,,book,2024.0,366 tr. :Minh họa,/static/uploads/images/D85.jpg,/static/uploads/files/D85.pdf,
D86,Chủ nghĩa tự do của Hayek /Gilles Dostaler; Nguyễn Đôn Phước dịch,,book,2008.0,185 tr.,/static/uploads/images/D86.jpg,/static/uploads/files/D86.pdf,
D87,Giáo trình xã hội học giáo dục /Lê Ngọc Lan,,book,2005.0,129 tr. ;24 cm.,/static/uploads/images/D87.jpg,/static/uploads/files/D87.pdf,
D88,"Giáo trình toán ứng dụng trong kỹ thuật /Ngô Như Khoa, Ôn Ngũ Minh, Phạm Thị Thu Hằng",,book,2019.0,321 tr. :Minh họa ;24 cm,/static/uploads/images/D88.jpg,/static/uploads/files/D88.pdf,
D89,Giáo trình tâm lí học giáo dục /Nguyễn Đức Sơn và những người khác,,book,2015.0,319 tr. ;24 cm,/static/uploads/images/D89.jpg,/static/uploads/files/D89.pdf,
D90,Giáo trình Văn thư /Triệu Văn Cường,,book,2016.0,367 tr. ;24 cm.,/static/uploads/images/D90.jpg,/static/uploads/files/D90.pdf,
D91,"Giáo trình quyền lực chính trị :Dùng cho hệ đào tạo cử nhân Chính trị học /Lê Minh Quân (chủ biên), Lưu Minh Văn",,book,2017.0,310 tr ;24 cm,/static/uploads/images/D91.jpg,/static/uploads/files/D91.pdf,
D92,"Giáo trình mạng truyền thông công nghiệp /Phạm Thị Lý (chủ biên), Vũ Thị Quỳnh, Nguyễn Nhật Thanh, Lại Bạch Thị Thu Hà",,book,2024.0,198 tr. :Minh họa,/static/uploads/images/D92.jpg,/static/uploads/files/D92.pdf,
D93,"Giáo trình lịch sử ngoại giao Việt Nam /Hoàng Thị Mỹ Hạnh, Hà Thị Thu Thủy",,book,2020.0,163 tr. ;24 cm,/static/uploads/images/D93.jpg,/static/uploads/files/D93.pdf,
D94,"Giáo trình địa chất đại cương và địa chất lịch sử /Phùng Ngọc Đĩnh, Lương Hồng Nhược",,book,2010.0,203 tr. :Minh họa ;24 cm,/static/uploads/images/D94.jpg,/static/uploads/files/D94.pdf,
D95,"Giáo trình thực hành điện tử công suất (Mạch nghịch lưu) /Lê Hoàng Minh, Lê Thanh Đạo, Bùi Thị Tuyết Đan",,book,2017.0,316 tr. ;24 cm,/static/uploads/images/D95.jpg,/static/uploads/files/D95.pdf,
D96,Giáo trình chính sách đối ngoại của một số nước lớn trên thế giới /Phạm Minh Sơn (chủ biên) và những người khác,,book,2020.0,"323 tr. ;20,5 cm",/static/uploads/images/D96.jpg,/static/uploads/files/D96.pdf,
D97,Tổng hợp ancol từ H2/CO :Sách chuyên khảo /Nguyễn Tiến Thảo,Synthesis of alcohols from H2/CO,book,2020.0,196 tr. :Minh họa ;24 cm,/static/uploads/images/D97.jpg,/static/uploads/files/D97.pdf,
D98,Giáo trình Thống kê đầu tư và xây dựng /Phan Công Nghĩa,,book,2010.0,702 tr. ;21 cm.,/static/uploads/images/D98.jpg,/static/uploads/files/D98.pdf,
D99,"Giáo trình cao học thủy lợi - Mô hình toán thủy văn /Lê Văn Nghinh (chủ biên), Bùi Công Quang, Hoàng Thanh Tùng",,book,2006.0,162 tr. :Minh họa ;27 cm,/static/uploads/images/D99.jpg,/static/uploads/files/D99.pdf,
D100,Thực hành sửa chữa màn hình tinh thể lỏng /Vân Anh,,book,2009.0,659 tr. :Minh họa ;24 cm,/static/uploads/images/D100.jpg,/static/uploads/files/D100.pdf,
D101,Hóa sinh thực phẩm /Đàm Sao Mai (chủ biên) và nhóm tác giả,,book,2009.0,309 tr.,/static/uploads/images/D101.jpg,/static/uploads/files/D101.pdf,
D102,"Giáo trình Quản lý chất lượng và luật thực phẩm /Lê Nguyên Đoan Huy, Nguyễn Công Hà",,book,2014.0,194 tr.,/static/uploads/images/D102.jpg,/static/uploads/files/D102.pdf,
D103,Giáo trình giảng dạy bậc đại học: Hành vi người tiêu dùng - Định hướng ứng dụng /Hồ Huy Tựu,,book,2026.0,222 tr,/static/uploads/images/D103.jpg,/static/uploads/files/D103.pdf,
D104,Miễn dịch học /Đại học Y Hà Nội,,book,2025.0,216 tr,/static/uploads/images/D104.jpg,/static/uploads/files/D104.pdf,
D105,Dinh dưỡng trong nuôi trồng thủy sản /Phạm Đức Hùng,,book,2024.0,775tr :Hình ảnh ;24cm,/static/uploads/images/D105.jpg,/static/uploads/files/D105.pdf,
D106,Phân tích tài chính doanh nghiệp /Võ Văn Cần,,book,2024.0,116tr :Bảng biểu ;21cm,/static/uploads/images/D106.jpg,/static/uploads/files/D106.pdf,
D107,,,book,2015.0,93 tr.,/static/uploads/images/D107.jpg,/static/uploads/files/D107.pdf,
D108,Cảng nội địa (Lưu hành nội bộ) /Bộ môn Khoa học Hàng hải,Inland Clearance Depot,book,2024.0,98 tr.,/static/uploads/images/D108.jpg,/static/uploads/files/D108.pdf,
D109,,,book,2019.0,346tr : ;24 cm,/static/uploads/images/D109.jpg,/static/uploads/files/D109.pdf,
D110,Kế toán tài chính 3,,book,2025.0,258 tr.,/static/uploads/images/D110.jpg,/static/uploads/files/D110.pdf,
D111,Giới thiệu hệ thống báo cáo tài chính /Võ Văn Cần,,book,2024.0,116tr :Bảng biểu ;21cm,/static/uploads/images/D111.jpg,/static/uploads/files/D111.pdf,
D112,Bài giảng Thiết bị tàu thủy :Lưu hành nội bộ /Nguyễn Thái Vũ,,book,2018.0,148 tr.,/static/uploads/images/D112.jpg,/static/uploads/files/D112.pdf,
D113,Ươm giống và Trồng thương phẩm rong biển /Lê Anh Tuấn,,book,2024.0,43tr :Hình ảnh ;21cm,/static/uploads/images/D113.jpg,/static/uploads/files/D113.pdf,
D114,Kỹ thuật Sản xuất giống và trồng Rong biển :Bài giảng dành cho sinh viên các lớp Nuôi trồng thủy sản /Lê Anh Tuấn,,book,2024.0,317tr :Hình ảnh ;21cm,/static/uploads/images/D114.jpg,/static/uploads/files/D114.pdf,
D115,Quy hoạch và Phát triển Thủy sản /Lê Anh Tuấn,,book,2024.0,210tr :Hình ảnh ;21cm,/static/uploads/images/D115.jpg,/static/uploads/files/D115.pdf,
D116,Chuẩn mực báo cáo tài chính quốc tế,,book,2025.0,117 tr.,/static/uploads/images/D116.jpg,/static/uploads/files/D116.pdf,
D117,Lập và phân tích báo cáo tài chính theo IFRS,,book,2025.0,120 tr.,/static/uploads/images/D117.jpg,/static/uploads/files/D117.pdf,
D118,Kỹ thuật nuôi trồng thủy sản /Trần Văn Dũng,,book,2023.0,305tr :Hình ảnh ;21cm,/static/uploads/images/D118.jpg,/static/uploads/files/D118.pdf,
D119,Kiểm tra vật liệu và NDT /Huỳnh Văn Vũ,,book,2024.0,40 tr. :24 cm,/static/uploads/images/D119.jpg,/static/uploads/files/D119.pdf,
D120,Phương pháp nghiên cứu khoa học /Huỳnh Văn Vũ,,book,2024.0,271 tr.,/static/uploads/images/D120.jpg,/static/uploads/files/D120.pdf,
D121,Kỹ thuật Hàn tàu thủy. Phần 2 /Huỳnh Văn Vũ,,book,2009.0,100 tr. :24 cm,/static/uploads/images/D121.jpg,/static/uploads/files/D121.pdf,
D122,Quy hoạch và quản lý nuôi trồng thủy sản /Lê Anh Tuấn,,book,2024.0,193tr :Hình ảnh ;21cm,/static/uploads/images/D122.jpg,/static/uploads/files/D122.pdf,
D123,"Tổng hợp văn bản pháp luật năm 2023 :Học phần Luật kinh doanh /Hoàng Thu Thuỷ, Nguyễn Thị Hà Trang",,book,2023.0,482tr ;21cm,/static/uploads/images/D123.jpg,/static/uploads/files/D123.pdf,
D124,"Thực hành thực vật và động vật phù du /Trương Thị Bích Hồng (chủ biên), Nguyễn Thị Thúy, Trần Thị Lê Trang",,book,2024.0,83tr :Hình ảnh ;24cm,/static/uploads/images/D124.jpg,/static/uploads/files/D124.pdf,
D125,Hình thái phân loại giáp xác và động vật thân mềm /Vũ Trọng Đại,,book,2024.0,497tr :Hình ảnh,/static/uploads/images/D125.jpg,/static/uploads/files/D125.pdf,
D126,Bài giảng Nhiên liệu và môi chất chuyên dùng - Dùng cho động cơ đốt trong :(Bài giảng dùng cho học viên ngành động lực Đại học Nha Trang) - Lưu hành nội bộ /Hồ Đức Tuấn,,book,2020.0,127 tr.,/static/uploads/images/D126.jpg,/static/uploads/files/D126.pdf,
D127,Bài giảng Đại lý tàu biển và giao nhận hàng hóa :Lưu hành nội bộ /Hồ Đức Tuấn,,book,2016.0,100 tr.,/static/uploads/images/D127.jpg,/static/uploads/files/D127.pdf,
D128,"Bài giảng Bảo vệ môi trường biển - Vấn đề và giải pháp :Chương 9, Chương 10 /Hồ Đức Tuấn",,book,2024.0,7 tr.,/static/uploads/images/D128.jpg,/static/uploads/files/D128.pdf,
D129,"English for Engineering. Book 2 :Marine diesel and auxiliary engines /Hồ Đức Tuấn, Huỳnh Văn Vũ",,book,2021.0,128 tr.,/static/uploads/images/D129.jpg,/static/uploads/files/D129.pdf,
D130,"Bài giảng Máy và thiết bị nâng hạ tàu thủy :(Lưu hành nội bộ) /Nguyễn Thái Vũ, Hồ Đức Tuấn",,book,2024.0,190 tr.,/static/uploads/images/D130.jpg,/static/uploads/files/D130.pdf,
D131,Nhập môn ngành cơ điện tử /Nguyễn Văn Định,,book,2024.0,160tr :Hình ảnh,/static/uploads/images/D131.jpg,/static/uploads/files/D131.pdf,
D132,Bài giảng Động cơ đốt trong /Hồ Đức Tuấn,,book,2023.0,259 tr.,/static/uploads/images/D132.jpg,/static/uploads/files/D132.pdf,
D133,Kỹ thuật thi công và lắp đặt hệ thống lạnh và điều hòa không khí /Nguyễn Đình Khương,,book,2024.0,627tr :Hình ảnh,/static/uploads/images/D133.jpg,/static/uploads/files/D133.pdf,
D134,Maritime English /Hồ Đức Tuấn (chủ biên) và những người khác,English - Maritime,book,2024.0,153 tr.,/static/uploads/images/D134.jpg,/static/uploads/files/D134.pdf,
D135,Quản lý khai thác cảng /Hồ Đức Tuấn,,book,2023.0,121 tr. ;,/static/uploads/images/D135.jpg,/static/uploads/files/D135.pdf,
D136,Giáo trình Công nghệ đóng sửa tàu phi kim loại /Phạm Thanh Nhựt,,book,2022.0,179 tr. :Minh họa ;27 cm,/static/uploads/images/D136.jpg,/static/uploads/files/D136.pdf,
D137,Phương pháp nghiên cứu khoa học trong nuôi trồng thủy sản /Lê Minh Hoàng,Scientific Research Methodology in Aquaculture,book,2024.0,146 tr. ;,/static/uploads/images/D137.jpg,/static/uploads/files/D137.pdf,
D138,Hướng dẫn bài tập chuyên ngành Kỹ thuật tàu thủy /Phạm Thanh Nhựt,,book,2021.0,204 tr. :Minh họa ;27 cm,/static/uploads/images/D138.jpg,/static/uploads/files/D138.pdf,
D139,Lý thuyết tài chính - tiền tệ /Võ Văn Cần (chủ biên) và tập thể bộ môn Tài chính - Ngân hàng,,book,2022.0,287 tr. :bảng biểu ;24 cm,/static/uploads/images/D139.jpg,/static/uploads/files/D139.pdf,
D140,Bài giảng pháp luật về hàng hải :Phần II /Bộ môn hàng hải,,book,2018.0,61 tr.,/static/uploads/images/D140.jpg,/static/uploads/files/D140.pdf,
D141,Bài giảng pháp luật hàng hải :Phần I /Bộ môn hàng hải,,book,2019.0,61 tr.,/static/uploads/images/D141.jpg,/static/uploads/files/D141.pdf,
D142,Bài giảng an toàn cho người và tàu cá /Nguyễn Đức Sĩ,,book,2018.0,129 tr.,/static/uploads/images/D142.jpg,/static/uploads/files/D142.pdf,
D143,"Bài giảng nghiệp vụ thuyền viên /Trần Đức Phú, Vũ Như Tân",,book,2023.0,77 tr.,/static/uploads/images/D143.jpg,/static/uploads/files/D143.pdf,
D144,Kiểm tra khuyết tật kết cấu bê tông bằng phương pháp nhiệt hồng ngoại :Sách chuyên khảo /Trần Quang Huy,Infrared thermography in detecting deteriorations in concrete structures,book,2022.0,156 tr. ;30 cm,/static/uploads/images/D144.jpg,/static/uploads/files/D144.pdf,
D145,Ứng dụng VISSIM trong mô hình dòng giao thông /Trần Quang Duy (Chủ biên) và các tác giả khác,,book,2024.0,91 tr. ;27 cm,/static/uploads/images/D145.jpg,/static/uploads/files/D145.pdf,
D146,"Thiết kế công trình kháng chấn bằng phương pháp phổ phản ứng dao động /Trần Quang Huy (chủ biên), Đặng Quốc Mỹ, Lê Thanh Cao",,book,2021.0,133 tr. ;27 cm,/static/uploads/images/D146.jpg,/static/uploads/files/D146.pdf,
D147,Marketing dịch vụ công /Nguyễn Hoài Long,,book,2025.0,102 tr. ;,/static/uploads/images/D147.jpg,/static/uploads/files/D147.pdf,
D148,"Destination management/ Nguyen Thanh Quang, Le Chi Cong",,book,2023.0,108 p.,/static/uploads/images/D148.jpg,/static/uploads/files/D148.pdf,
D149,Quản trị kinh doanh lữ hành,,book,2025.0,168 tr.,/static/uploads/images/D149.jpg,/static/uploads/files/D149.pdf,
D150,Luật du lịch Việt Nam và Quốc tế /Bộ môn Quản trị du lịch Dịch vụ và Lữ hành,,book,2025.0,367 tr. ;,/static/uploads/images/D150.jpg,/static/uploads/files/D150.pdf,
D151,Phân tích mức độ sẵn sàng chuyển đổi số của doanh nghiệp nhỏ và vừa trên địa bàn tỉnh Khánh Hòa /Nguyễn Toàn Dũng; Nguyễn Văn Ngọc: GVHD,,thesis,2025.0,77 tr. ;27 cm,/static/uploads/images/D151.jpg,/static/uploads/files/D151.pdf,
D152,Nâng cao chất lượng dịch vụ cấp giấy phép sử dụng tần số và thiết bị vô tuyến điện tại Trung tâm Tần số vô tuyến điện khu vực VII – Cục Tần số vô tuyến điện /Nguyễn Tuấn Ngọc; Nguyễn Thị Nga: GVHD,,thesis,2025.0,69 tr. :bảng biểu ;27 cm,/static/uploads/images/D152.jpg,/static/uploads/files/D152.pdf,
D153,"Đánh giá dự án phát triển sản xuất nông, lâm nghiệp bền vững, phát huy tiềm năng, thế mạnh của các vùng miền để sản xuất hàng hóa theo chuỗi giá trị tại xã Ba Cụm Bắc, huyện Khánh Sơn, tỉnh Khánh Hòa /Nguyễn Thị My; Phạm Thành Thái: GVHD",,thesis,2025.0,66 tr. ;27 cm,/static/uploads/images/D153.jpg,/static/uploads/files/D153.pdf,
D154,"Các nhân tố ảnh hưởng đến khả năng chuyển đổi số của doanh nghiệp vừa và nhỏ trên địa bàn thành phố Nha Trang, tỉnh Khánh Hòa /Mai Văn Vương; Phạm Thành Thái: GVHD",,thesis,2025.0,65 tr. ;27 cm,/static/uploads/images/D154.jpg,/static/uploads/files/D154.pdf,
D155,Đánh giá ảnh hưởng của sinh khối nấm men Saccharomyces cerevisiae trong dịch thủy phân rong sụn Kappaphycus alvarezii đến giai đoạn nuôi lưu hàu Thái Bình Dương /Nguyễn Thị Hà Trang; Phạm Thị Minh Hải: GVHD,,thesis,2025.0,"61 tr. :biểu đồ, ảnh màu ;27 cm",/static/uploads/images/D155.jpg,/static/uploads/files/D155.pdf,
D156,"Phân lập, tuyển chọn chủng Parvovirus tiềm năng cho sản xuất vắc xin phòng bệnh khô thai trên lợn /Trịnh Thị Thu Hằng; Vũ Khắc Hùng, Nguyễn Văn Duy: GVHD",,thesis,2025.0,114 tr. :minh họa ;27 cm,/static/uploads/images/D156.jpg,/static/uploads/files/D156.pdf,
D157,Đánh giá thực trạng và xây dựng giải pháp kiểm soát vi sinh vật gây bệnh tại các cơ sở sản xuất nước đá dùng liền tỉnh Khánh Hòa /Nguyễn Thị Lài; Lê Phương Chung: GVHD,,thesis,2025.0,"59 tr. :biểu đồ, ảnh màu ;27 cm",/static/uploads/images/D157.jpg,/static/uploads/files/D157.pdf,
D158,"Nghiên cứu ảnh hưởng của phương pháp dẫn truyền vaccine SiV lên khả năng kháng vi khuẩn Streptococcus iniae ở cá chẽm (Lates calcarifer Bloch, 1790) /Nguyễn Đức Toàn; Nguyễn Thị Thanh Thùy, Trần Vĩ Hích: GVHD",,thesis,2025.0,56 tr. :hình ảnh ;27 cm,/static/uploads/images/D158.jpg,/static/uploads/files/D158.pdf,
D159,"Nghiên cứu lựa chọn và ứng dụng một số chủng vi tảo trong sản xuất giống tôm he (Penaeus) tại Việt Nam /Mai Đức Thao; Phạm Quốc Hùng, Kim Jye Lee Chang: GVHD",,thesis,2025.0,153 tr. :Minh họa ;27 cm,/static/uploads/images/D159.jpg,/static/uploads/files/D159.pdf,
D160,"Các nhân tố ảnh hưởng đến thu nhập của nông hộ trồng cà phê tại huyện M'Drắk, tỉnh Đắk Lắk /Vũ Tấn Kiệt; Trương Ngọc Phong: GVHD",,thesis,2025.0,63 tr. ;27 cm,/static/uploads/images/D160.jpg,/static/uploads/files/D160.pdf,
D161,"Hoàn thiện công tác quản lý thuế thu nhập doanh nghiệp tại Chi cục thuế thành phố Nha Trang, tỉnh Khánh Hòa /Lê Thị Thúy Lan; Lê Kim Long: GVHD",,thesis,2025.0,108 tr. ;27 cm,/static/uploads/images/D161.jpg,/static/uploads/files/D161.pdf,
D162,Các nhân tố ảnh hưởng đến sự tuân thủ thuế của các doanh nghiệp có vốn đầu tư nước ngoài tại địa bàn tỉnh Khánh Hòa /Bùi Đình Khánh; Hồ Huy Tựu: GVHD,,thesis,2025.0,108 tr. ;27 cm,/static/uploads/images/D162.jpg,/static/uploads/files/D162.pdf,
D163,Hoàn thiện công tác quản lý thuế đối với hộ kinh doanh tại Chi cục Thuế khu vực nam Khánh Hòa /Trần Thị Mai; Phạm Thế Anh: GVHD,,thesis,2025.0,82 tr. ;27 cm,/static/uploads/images/D163.jpg,/static/uploads/files/D163.pdf,
D164,"Nâng cao chất lượng đội ngũ cán bộ, công chức tại Sở Văn hóa, Thể thao và Du lịch tỉnh Phú Yên /Đoàn Thị Tô Huỳnh; Bùi Bích Xuân: GVHD",,thesis,2025.0,"70 tr. :bảng, biểu đồ ;27 cm",/static/uploads/images/D164.jpg,/static/uploads/files/D164.pdf,
D165,"Phát triển sinh kế bền vững cho hộ đồng bào dân tộc thiểu số tại huyện Khánh Vĩnh, tỉnh Khánh Hòa /Cao Thị Ngọc Thanh; Nguyễn Văn Ngọc: GVHD",,thesis,2025.0,98 tr. ;27 cm,/static/uploads/images/D165.jpg,/static/uploads/files/D165.pdf,
D166,"Nghiên cứu khả năng sử dụng hai loài vi tảo Thalassiosira weissflogii và Chaetoceros muelleri trong ương nuôi ấu trùng tôm sú (Penaeus monodon Fabricius, 1798) /Đặng Lê Phương Vy; Lục Minh Diệp: GVHD",,thesis,2025.0,67 tr. :Minh họa ;27 cm,/static/uploads/images/D166.jpg,/static/uploads/files/D166.pdf,
D167,"Nghiên cứu một số đặc tính sinh học của chủng vi khuẩn Riemerella anatipestifer định hướng sản xuất vắc xin phòng bệnh nhiễm trùng huyết ở vịt /Tăng Mạnh Nhật; Lê Phương Chung, Lê Đình Hải: GVHD",,thesis,2025.0,48 tr. :Minh họa ;27 cm,/static/uploads/images/D167.jpg,/static/uploads/files/D167.pdf,
D168,"Các nhân tố ảnh hưởng đến hành vi phân loại rác tại nguồn của người dân trên địa bàn thành phố Cam Ranh, tỉnh Khánh Hòa /Phạm Thị Hồng Lệ; Phạm Thành Thái: GVHD",,thesis,2025.0,75 tr. ;27 cm,/static/uploads/images/D168.jpg,/static/uploads/files/D168.pdf,
D169,Tác động của giáo dục và đào tạo nghề đến khả năng tìm việc của lao động trẻ tại tỉnh Khánh Hòa /Lý Phương Tài; Phạm Thành Thái: GVHD,,thesis,2025.0,86 tr. ;27 cm,/static/uploads/images/D169.jpg,/static/uploads/files/D169.pdf,
D170,Dự đoán liên kết về học thuật dựa trên ontology /Thịnh Thị Thúy; Phạm Thị Thu Thúy: GVHD,,thesis,2025.0,65 tr. :Minh họa ;27 cm,/static/uploads/images/D170.jpg,/static/uploads/files/D170.pdf,
D171,"Đa dạng thành phần loài và mối quan hệ tiến hóa của giáp xác ký sinh trên vật chủ cua bơi Thalamita crenata Rüppell, 1830 tại vịnh Nha Trang, Khánh Hòa /Nguyễn Phương Liên; Đặng Thúy Bình, Nguyễn Thị Hải Thanh: GVHD",,thesis,2025.0,66 tr. :Minh họa ;27 cm,/static/uploads/images/D171.jpg,/static/uploads/files/D171.pdf,
D172,"Nghiên cứu sự biến đổi chất lượng của phi lê cá chim vây vàng trong quá trình bảo quản đông /Nguyễn Hồng Duyên; Mai Thị Tuyết Nga, Huỳnh Thị Ái Vân: GVHD",,thesis,2025.0,85 tr. ;27 cm,/static/uploads/images/D172.jpg,/static/uploads/files/D172.pdf,
D173,"Mô hình toán quá trình truyền nhiệt, truyền chất trong sấy cá đù fillet bằng bức xạ hồng ngoại kết hợp năng lượng mặt trời gián tiếp /Trần Đình Khoa; Lê Như Chính, Khổng Trung Thắng: GVHD",,thesis,2025.0,89 tr. :Minh họa ;27 cm,/static/uploads/images/D173.jpg,/static/uploads/files/D173.pdf,
D174,"Tối ưu hóa điều kiện dinh dưỡng bổ sung đến hai loài tảo Thalassiosira weissflogii Fryxell & Hasle, 1977, Tetraselmis chuii Butcher, 1959 và sử dụng kết hợp làm thức ăn cho ấu trùng tôm thẻ chân trắng (Penaeus vannamei Boone,1931) /Lương Thị Thu Thanh; Lục Minh Diệp: GVHD",,thesis,2025.0,55 tr. :Minh họa ;27 cm,/static/uploads/images/D174.jpg,/static/uploads/files/D174.pdf,
D175,Nghiên cứu bảo quản tinh trùng cá tầm Nga (Acipenser gueldenstaedtii) và cá tầm Xiberi (A. baerii) nuôi tại Lâm Đồng /Hồ Thanh Tuyền; Lương Công Trung: GVHD,,thesis,2025.0,61 tr. :Minh họa ;27 cm,/static/uploads/images/D175.jpg,/static/uploads/files/D175.pdf,
D176,"Ảnh hưởng của màu bể và Astaxanthin bổ sung lên sinh trưởng của cá tai bồ (Platax teira Forsskal, 1775) giai đoạn giống /Nguyễn Hữu Khang; Nguyễn Văn Minh: GVHD",,thesis,2025.0,47 tr. :Minh họa ;27 cm,/static/uploads/images/D176.jpg,/static/uploads/files/D176.pdf,
D177,Chất lượng tinh trùng của cá tầm Nga (Acipenser gueldenstaedtii) và cá tầm Xiberi (Acipenser baerii):Đặc tính lý hóa và ảnh hưởng của một số yếu tố sinh thái /Châu Bích Liên; Trần Văn Phước: GVHD,,thesis,2025.0,87 tr. :Minh họa ;27 cm,/static/uploads/images/D177.jpg,/static/uploads/files/D177.pdf,
D178,"Đánh giá hiệu quả sử dụng thiết bị giám sát hành trình Vifish.18 trên tàu cá tỉnh Khánh Hòa /Phạm Mai Phước; Trần Trọng Đạo, Tô Văn Phương: GVHD",,thesis,2025.0,64 tr. :Minh họa ;27 cm,/static/uploads/images/D178.jpg,/static/uploads/files/D178.pdf,
D179,"Đề xuất mô hình quản lý giao thông thông minh tại thành phố Nha Trang, tỉnh Khánh Hòa /Cao Như Ý; Nguyễn Văn Ngọc: GVHD",,thesis,2025.0,74 tr. ;24 cm,/static/uploads/images/D179.jpg,/static/uploads/files/D179.pdf,
D180,Số hóa bảng từ hình ảnh bằng thị giác máy tính /Lê Hoàn Chân; Nguyễn Khắc Cường: GVHD,,thesis,2025.0,74 tr. :Minh họa ;27 cm,/static/uploads/images/D180.jpg,/static/uploads/files/D180.pdf,
D181,"Phát triển sinh kế từ hoạt động du lịch cho hộ gia đình tại đảo Bích Đầm, thành phố Nha Trang, tỉnh Khánh Hòa /Lê Công Minh; Phạm Hồng Mạnh: GVHD",,thesis,2025.0,85 tr. ;27 cm,/static/uploads/images/D181.jpg,/static/uploads/files/D181.pdf,
D182,"Một số giải pháp phát triển kinh tế xã Ea Trang, huyện M'Drắk, tỉnh Đắk Lắk /Nguyễn Thị Sinh; Quách Thị Khánh Ngọc: GVHD",,thesis,2025.0,59 tr. :Minh họa ;27 cm,/static/uploads/images/D182.jpg,/static/uploads/files/D182.pdf,
D183,Hoàn thiện kiểm soát nội bộ đối với hoạt động quản lý hàng tồn kho tại Viễn Thông Khánh Hòa /Nguyễn Hoài Sơn; Võ Thị Thùy Trang: GVHD,,thesis,2025.0,85 tr. ;27 cm,/static/uploads/images/D183.jpg,/static/uploads/files/D183.pdf,
D184,Đánh giá hiệu quả tài chính các công ty niêm yết thuộc lĩnh vực chế biến thủy sản trên thị trường chứng khoán Việt Nam /Nguyễn Thị Ngọc Trâm; Võ Thị Thùy Trang: GVHD,,thesis,2025.0,113 tr. ;27 cm,/static/uploads/images/D184.jpg,/static/uploads/files/D184.pdf,
D185,"Ảnh hưởng của chất lượng dịch vụ, sự hài lòng và chi phí chuyển đổi đến lòng trung thành của khách hàng đại lý / cộng tác viên sử dụng ứng dụng Ignite by Igloo đối với dịch vụ bảo hiểm phi nhân thọ tại Công ty Trách nhiệm hữu hạn Axinan Việt Nam /Lê Hằng Thanh Thiện; Hồ Huy Tựu: GVHD",,thesis,2025.0,58 tr. :Minh họa ;27 cm,/static/uploads/images/D185.jpg,/static/uploads/files/D185.pdf,
D186,"Các nhân tố ảnh hưởng đến ý định tham gia bảo hiểm phi nhân thọ Bảo Việt của người dân tại thành phố Nha Trang, tỉnh Khánh Hòa /Lý Minh Hiếu; Nguyễn Ngọc Duy: GVHD",,thesis,2025.0,"xii, 61 tr :phụ lục ;27 cm",/static/uploads/images/D186.jpg,/static/uploads/files/D186.pdf,
D187,Phân tích hiệu quả hoạt động các ngân hàng thương mại Việt Nam giai đoạn 2018-2022 /Vũ Minh Hiếu; Lê Kim Long: GVHD,,thesis,2025.0,86 tr. ;27 cm,/static/uploads/images/D187.jpg,/static/uploads/files/D187.pdf,
D188,"Nghiên cứu chuỗi cung ứng cá chim vây vàng tại thành phố Nha Trang, tỉnh Khánh Hòa /Trần Thị Phương Liên; Nguyễn Thị Trâm Anh: GVHD",,thesis,2025.0,86 tr. ;27 cm,/static/uploads/images/D188.jpg,/static/uploads/files/D188.pdf,
D189,"Nghiên cứu nhân tố ảnh hưởng đến ý định tiết kiệm điện của hộ gia đình tại thành phố Tuy Hòa, tỉnh Phú Yên /Ngô Đình Duy; Trần Thị Ái Cẩm: GVHD",,thesis,2025.0,77 tr. ;27 cm,/static/uploads/images/D189.jpg,/static/uploads/files/D189.pdf,
D190,"Các yếu tố ảnh hưởng đến quyết định đầu tư của doanh nghiệp vào Khu kinh tế Vân Phong, tỉnh Khánh Hòa /Nguyễn Quốc Cường; Hà Việt Hùng: GVHD",,thesis,2025.0,66 tr. ;27 cm,/static/uploads/images/D190.jpg,/static/uploads/files/D190.pdf,
D191,"Phát triển đối tượng tham gia Bảo hiểm xã hội tự nguyện khu vực phi chính thức trên địa bàn huyện Khánh Vĩnh, tỉnh Khánh Hòa /Huỳnh Nguyễn Hồng Anh; Hà Việt Hùng: GVHD",,thesis,2025.0,85 tr. ;27 cm,/static/uploads/images/D191.jpg,/static/uploads/files/D191.pdf,
D192,Quản trị rủi ro tín dụng cá nhân tại Ngân hàng Thương mại Cổ phần Tiên Phong - chi nhánh Nha Trang /Nguyễn Lê Thanh Tuấn; Phạm Thế Anh: GVHD,,thesis,2025.0,86 tr. ;27 cm,/static/uploads/images/D192.jpg,/static/uploads/files/D192.pdf,
D193,Tạo động lực làm việc cho người lao động tại Công ty Cổ phần Lavite /Nguyễn Ngọc Trang Tâm; Nguyễn Thị Kim Anh: GVHD,,thesis,2025.0,70 tr. ;27 cm,/static/uploads/images/D193.jpg,/static/uploads/files/D193.pdf,
D194,Nâng cao năng lực cạnh tranh của sản phẩm nước tinh khiết Sanna tại Công ty cổ phần nước giải khát Sanna Khánh Hòa /Nguyễn Thị Hoàng Ngân; Nguyễn Thị Trâm Anh: GVHD,,thesis,2025.0,81 tr. :Minh họa ;27 cm,/static/uploads/images/D194.jpg,/static/uploads/files/D194.pdf,
D195,"Ứng dụng phương pháp xác định hoạt lực Spiramycin trên chủng vi sinh vật chuẩn trong đánh giá thuốc tân dược lưu hành tại thành phố Tuy Hòa /Đặng Lư Minh Hà; Nguyễn Thị Như Thường, Phạm Thị Minh Thu: GVHD",,thesis,2025.0,53 tr. ;27 cm,/static/uploads/images/D195.jpg,/static/uploads/files/D195.pdf,
D196,"Nghiên cứu độ bền và cơ chế phá hủy của mối hàn ma sát giữa hợp kim nhôm AA6061-T6 với thép không gỉ SUS316 /Hồ Hữu Huy; Trần Hưng Trà, Dương Đình Hảo: GVHD",,thesis,2025.0,103 tr. :Minh họa ;27 cm,/static/uploads/images/D196.jpg,/static/uploads/files/D196.pdf,
D197,"Nghiên cứu các hệ thống khuyến nghị, ứng dụng xây dựng website bán xe cũ /Ngô Nguyễn Tường Nghi; Nguyễn Đình Hưng: GVHD",,thesis,2025.0,53 tr. :Minh họa ;27 cm,/static/uploads/images/D197.jpg,/static/uploads/files/D197.pdf,
D198,"Khảo sát thành phần loài và biến động nguồn giống trứng cá - ấu trùng cá (Ichthyoplankton) của một số họ cá rạn phổ biến ở vùng biển ven bờ Ninh Hải, tỉnh Ninh Thuận /Nguyễn Lê Thảo My; Đặng Thúy Bình: GVHD",,thesis,2025.0,123 tr. :Minh họa ;27 cm,/static/uploads/images/D198.jpg,/static/uploads/files/D198.pdf,
D199,"Tạo chủng và xác định các đặc tính sinh học của Actinobacillus pleuropneumoniae serotype 5 đột biến mất gen apxIC và apxIIC /Trịnh Lê Hoàng Sơn; Nguyễn Thị Anh Thư, Đào Hoài Thu: GVHD",,thesis,2025.0,72 tr. :Minh họa ;27 cm,/static/uploads/images/D199.jpg,/static/uploads/files/D199.pdf,
D200,"Nghiên cứu đáp ứng miễn dịch của thành phần kháng nguyên ho gà vô bào trong vắc xin bạch hầu - uốn ván - ho gà vô bào ( DTaP và Tdap) nghiên cứu tại Viện Vắc xin và sinh phẩm y tế /Nguyễn Xuân Khánh Hà; Nguyễn Thị Anh Thư, Nguyễn Thị Lan Phương: GVHD",,thesis,2025.0,69 tr. :Minh họa ;27 cm,/static/uploads/images/D200.jpg,/static/uploads/files/D200.pdf,
D201,Direct photodegradation of carbamazepine followed by micellar electrokinetic chromatography and mass spectrometry /Vania Calisto and others,,article,2025.0,From p.127-136,,/static/uploads/files/D201.pdf,
D202,"Biochemical oxygen demand and nutrient processing in a novel multi-stage raw municipal wastewater and acid mine drainage passive co-treatment system /W.H. Strosnider, B.K. Winfrey, R.W. Nairn",,article,2025.0,From p.119-126,,/static/uploads/files/D202.pdf,
D203,Synthetic musk emissions from wastewater aeration basins /Nabin Upadhyay and others,,article,2025.0,From p.111-118,,/static/uploads/files/D203.pdf,
D204,Investigating synergism during sequential inactivation of MS-2 phage and Bacillus subtilis spores with UV/H 2 O 2 followed by free chlorine /Min Cho and others,,article,2025.0,From p.103-110,,/static/uploads/files/D204.pdf,
D205,"The role of biomass, electron shuttles, and ferrous iron in the kinetics of Geobacter sulfurreducens-mediated ferrihydrite reduction /Luke H. MacDonald, Hee Sun Moon, Peter R. Jaffe",,article,2025.0,From p.89-102,,/static/uploads/files/D205.pdf,
D206,Effect of selected metal ions on the photocatalytic degradation of bog lake water natural organic matter /Luis A. Tercero Espinoza and others,,article,2025.0,From p.79-88,,/static/uploads/files/D206.pdf,
D207,Surveillance of adenoviruses and noroviruses in European recreational waters /A. Peter Wyn-Jones and others,,article,2025.0,From p.65-20,,/static/uploads/files/D207.pdf,
D208,Direct photodegradation of carbamazepine followed by micellar electrokinetic chromatography and mass spectrometry /Daniel Stalter and others,,article,2025.0,From p.55-64,,/static/uploads/files/D208.pdf,
D209,"Inﬂuence of sampling strategies on the monitoring of cyanobacteria in shallow lakes: Lessons from a case study in France /David Pobel, Joel Robin, Jean-Francois Humbert",,article,2025.0,From p.45-54,,/static/uploads/files/D209.pdf,
D210,Feature selection methods for characterizing and classifying adaptive Sustainable Flood Retention Basins /Qinli Yang and others,,article,2025.0,From p.33-44,,/static/uploads/files/D210.pdf,
D211,A combined approach for a better understanding of wastewater treatment plants operation: Statistical analysis of monitoring /A.C. Avella and others,,article,2025.0,From p.21-32,,/static/uploads/files/D211.pdf,
D212,"Assessing the public health risk of microbial intrusion events in distribution systems: Conceptual model, available data /Marie-Claude Besner, Michele Prevost, Stig Regli",,article,2025.0,From p.2-20,,/static/uploads/files/D212.pdf,
D213,ADM1 calibration using BMP tests for modeling the effect of autohydrolysis pretreatment on the performance of continuous /Theo S.O. Souza and others,,article,2025.0,From p.325-335,,/static/uploads/files/D213.pdf,
D214,"Spatio-temporal variability of non-regulated disinfection by-products within a drinking water distribution network /Catherine Mercier Shanks, Jean-Baptiste Serodes, Manuel J. Rodriguez",,article,2025.0,From p.312-324,,/static/uploads/files/D214.pdf,
D215,Oxidation of non-steroidal anti-inflammatory drugs with aqueous permanganate /Tania Rodrıguez-Alvarez and others,,article,2025.0,From p.301-311,,/static/uploads/files/D215.pdf,
D216,"Oxidation by-products formation of microcystin-LR exposed to UV/H2O2: Toward the generative mechanism and biological toxicity /Wansong Zong, Feng Sun, Xiaojing Sun",,article,2025.0,From p.292-300,,/static/uploads/files/D216.pdf,
D217,Bioavailable and biodegradable dissolved organic nitrogen in activated sludge and trickling filter wastewater treatment plants /Halis Simsek and others,,article,2025.0,From p.282-291,,/static/uploads/files/D217.pdf,
D218,"Fatty acid content and composition of sediments from Siberian eutrophic water bodies: Implications for biodiesel production /Nadezhda N. Sushchik, Anna Yu Kuchkina, Michail I. Gladyshev",,article,2025.0,From p.273-281,,/static/uploads/files/D218.pdf,
D219,"Cần cấm thuốc lá điện tử, thuốc lá nung nóng",,article,2025.0,Tr.193,,/static/uploads/files/D219.pdf,
D220,"Buýt Hà Nội với vai trò kết nối, gia tăng giá trị cho Thủ đô",,article,2025.0,Tr.191-192,,/static/uploads/files/D220.pdf,
D221,Loại bỏ thuốc lá mới ra khỏi đời sống xã hội,,article,2025.0,Tr.189-190,,/static/uploads/files/D221.pdf,
D222,Cảnh báo ô nhiễm kim loại nặng trong bụi đường giao thông ở Việt Nam,,article,2025.0,Tr.187-188,,/static/uploads/files/D222.pdf,
D223,"Kinh nghiệm quản lý, vận hành, khai thác hệ thống đường sắt cao tốc trên thế giới",,article,2025.0,Tr.185-186,,/static/uploads/files/D223.pdf,
D224,An improved infectivity assay combining cell culture with real-time PCR for rapid quantification of human adenoviruses /Roberto A. Rodrıguez and others,,article,2025.0,From p.264-272,,/static/uploads/files/D224.pdf,
D225,Ô tô nhập khẩu thế nào trước “cú hích” giảm phí trước bạ lần 4 cho xe lắp ráp trong nước? /An Nhi,,article,2025.0,Tr.184,,/static/uploads/files/D225.pdf,
D226,"Giải pháp nâng cao hiệu quả dạy và học thực hành, thực tập xây dựng công trình giao thông /Đỗ Văn Thái, Đỗ Thị Thu Phương",,article,2025.0,Tr.181-183,,/static/uploads/files/D226.pdf,
D227,Mechanisms of simultaneous hydrogen production and estrogenic activity removal from secondary effluent though solar /Wenlong Zhang and others,,article,2025.0,From p.254-263,,/static/uploads/files/D227.pdf,
D228,"Nâng cao hiệu quả đầu tư xây dựng các công trình giao thông đường bộ trên địa bàn tỉnh Đồng Nai giai đoạn 2025 – 2030 theo hướng bền vững /Võ Tấn Đức, Trần Quang Phú, Võ Công Hậu",,article,2025.0,Tr.177-180,,/static/uploads/files/D228.pdf,
D229,"Định biên nhân sự trong tổ chức – Giải pháp nâng cao chất lượng nguồn nhân lực công chức Thanh tra Bộ Giao thông vận tải /Nguyễn Mạnh Hùng, Cấn Tất Linh",,article,2025.0,Tr.173-176,,/static/uploads/files/D229.pdf,
D230,Pesticide washoff from concrete surfaces: Literature review and a new modeling approach /Yuzhou Luo and others,,article,2025.0,From p.244-253,,/static/uploads/files/D230.pdf,
D231,Nghiên cứu triển khai dự án “Xe xanh cùng bạn đến trường” trong đô thị /Đinh Quang Toàn,,article,2025.0,Tr.169-172,,/static/uploads/files/D231.pdf,
D232,"Influences of solid retention time, nitrification and microbial activity on the attenuation of pharmaceuticals and estrogen /Sung Kyu Maeng and others",,article,2025.0,From p.232-243,,/static/uploads/files/D232.pdf,
D233,"Nghiên cứu xây dựng lộ trình hoạt động quản lý và thu phí sử dụng vỉa hè phục vụ mục đích kinh doanh, hướng tới phát triển kinh tế vỉa hè tại Việt Nam /Vũ Trọng Anh, Đinh Trọng Hùng",,article,2025.0,Tr.165-168,,/static/uploads/files/D233.pdf,
D234,"Nghiên cứu giải pháp nâng cao hiệu quả quản lý giao thông hàng hải tại trung tâm VTS: Áp dụng cho khu vực Hải Phòng /Lương Tú Nam, Trương Thị Kim Ngọc",,article,2025.0,Tr.161-165,,/static/uploads/files/D234.pdf,
D235,Identifying the key factors contributing to the detention of Vietnam vessels due to non-compliance with solas 74 engine room safety requirements /Dinh Gia Huy,,article,2025.0,Tr.158-160,,/static/uploads/files/D235.pdf,
D236,Đánh giá tác động giao thông nhằm chủ động phòng tránh ùn tắc và tai nạn giao thông /Khuất Việt Hùng,,article,2025.0,Tr.150-157,,/static/uploads/files/D236.pdf,
D237,"Nghiên cứu bài toán phát hiện và phân loại phương tiện đường biển từ tín hiệu hình ảnh dựa trên phương pháp học sâu hỗ trợ bảo đảm an toàn hàng hải /Lê Quyết Tiến, Lê Hoàng Dương, Trần Văn Tuyển",,article,2025.0,Tr.146-149,,/static/uploads/files/D237.pdf,
D238,"Giải pháp nâng cao hiệu quả quản lý, sử dụng các trang thiết bị hàng hải trên buồng lái tàu biển /Phạm Văn Luân, Quách Thanh Chung, Nguyễn Văn Quảng",,article,2025.0,Tr.143-145,,/static/uploads/files/D238.pdf,
D239,Nghiên cứu lựa chọn mái dốc luồng vào bến cá Cống Họng – Hải Phòng /Trần Long Giang,,article,2025.0,Tr.139-142,,/static/uploads/files/D239.pdf,
D240,"Nghiên cứu năng lực ứng dụng trí tuệ nhân tạo của chủ đầu tư trong việc lựa chọn nhà cung cấp trong các dự án chuỗi cung ứng tại Việt Nam /Nguyễn Văn Tiếp, Nguyễn Thanh Bình, Đỗ Tiến Sỹ",,article,2025.0,Tr.135-138,,/static/uploads/files/D240.pdf,
D241,"Ứng dụng phương pháp tính toán biểu tượng xác định công thức giải tích của phản lực gối đỡ hệ trục tàu thủy /Cao Đức Thiệp, Lê Đình Dũng, Bùi Thị Hằng",,article,2025.0,Tr.131-134,,/static/uploads/files/D241.pdf,
D242,Nghiên cứu phát triển mô hình động học cho robot dẫn động vi sai /Vũ Xuân Hậu,,article,2025.0,Tr.128-130,,/static/uploads/files/D242.pdf,
D243,"Developing a labview-based software for vital signals monitoring /Lê Đăng Khanh, Lê Văn Diễm",,article,2025.0,Tr.124-127,,/static/uploads/files/D243.pdf,
D244,Nghiên cứu tính toán dây neo phao có vật treo bằng phương pháp phần tử hữu hạn /Đào Văn Tuấn,,article,2025.0,Tr.120-123,,/static/uploads/files/D244.pdf,
D245,"Ứng dụng UAV trong công tác kiểm tra và phát hiện hư hại của cầu đường bộ /Phạm Trung Minh, Nguyễn Cảnh Toàn",,article,2025.0,Tr.117-119,,/static/uploads/files/D245.pdf,
D246,Nghiên cứu triển khai các giải pháp đảm bảo an toàn chạy tàu tận dụng lớp bùn loãng tại luồng ra/vào Trung tâm Điện lực Duyên Hải /Mai Bá Lĩnh,,article,2025.0,Tr.114-116,,/static/uploads/files/D246.pdf,
D247,Phân tích lực cắt trong quá trình gia công rãnh vi mô bằng phương pháp phần tử hữu hạn /Trần Ánh Viên,,article,2025.0,Tr.110-113,,/static/uploads/files/D247.pdf,
D248,"Nghiên cứu thuật toán và xây dựng chương trình dựng bản vẽ 3D chong chóng tàu thủy /Nguyễn Văn Quyết, Vũ Văn Tuyển",,article,2025.0,Tr.107-,,/static/uploads/files/D248.pdf,
D249,"Tính toán thiết kế và kiểm bền chi tiết dầm chính cổng trục đẩy tay tải trọng một tấn bằng phương pháp phần tử hữu hạn /Lê Huỳnh Đức, Nguyễn Đình Minh Quân, Nguyễn Ngọc Nhật",,article,2025.0,Tr.103-106,,/static/uploads/files/D249.pdf,
D250,Trường Cao đẳng GTVT Trung ương I - địa chỉ đào tạo nghề chất lượng cao /Bảo Châu,,article,2025.0,Tr.149-150,,/static/uploads/files/D250.pdf,
